filename,modelname,prompting,LOC_original,LOC_refactored,LOC_change,CC_original,CC_refactored,CC_change,Halstead_original,Halstead_refactored,Halstead_change,MI_original,MI_refactored,MI_change,Levenshtein_Distance
s082356343_pass@5.py,codellama,few,10,4,decrease,0,0,same,13.93,13.93,same,74.88,78.72,increase,22
s996953065_pass@3.py,codellama,few,3,4,increase,0,0,same,68.53,13.93,decrease,76.6,78.72,increase,35
s725231104_pass@1.py,codellama,few,8,5,decrease,0,0,same,332.93,274.02,decrease,66.96,67.55,increase,102
s901218275_pass@1.py,codellama,few,14,10,decrease,0,0,same,189.99,171.3,decrease,63.09,63.41,increase,163
s010390929_pass@3.py,codellama,few,19,14,decrease,0,0,same,53.77,53.77,same,62.34,62.34,same,35
s142516772_pass@1.py,codellama,few,10,8,decrease,0,0,same,68.53,72.0,increase,68.04,66.76,decrease,113
s011154230_pass@1.py,codellama,few,16,11,decrease,2.0,2.0,same,68.53,39.86,decrease,62.44,66.58,increase,125
s625777569_pass@1.py,codellama,few,36,26,decrease,2.0,2.0,same,171.18,101.95,decrease,51.33,56.29,increase,241
s543580433_pass@5.py,codellama,few,18,18,same,5.0,5.0,same,77.71,77.71,same,60.3,59.69,decrease,8
s661652946_pass@5.py,codellama,few,89,86,decrease,1.83,1.83,same,46.53,46.53,same,44.85,44.85,same,30
s095287762_pass@1.py,codellama,few,29,27,decrease,3.0,3.0,same,15.51,15.51,same,63.47,64.02,increase,13
s998928721_pass@1.py,codellama,few,51,39,decrease,2.17,2.17,same,24.0,31.7,increase,54.5,56.61,increase,147
s512922599_pass@1.py,codellama,few,4,3,decrease,0,0,same,4.75,4.75,same,84.72,84.72,same,11
s948994129_pass@1.py,codellama,few,5,2,decrease,0,0,same,4.75,4.75,same,84.72,88.56,increase,11
s006670201_pass@3.py,codellama,few,8,5,decrease,0,0,same,33.69,33.69,same,76.04,78.76,increase,36
s342764925_pass@1.py,codellama,few,3,4,increase,0,0,same,72.0,72.0,same,76.18,73.46,decrease,21
s258130823_pass@5.py,codellama,few,9,9,same,0,0,same,12.0,12.0,same,71.22,72.21,increase,36
s859035826_pass@3.py,codellama,few,8,8,same,0,0,same,15.51,15.51,same,72.69,71.56,decrease,35
s255090983_pass@1.py,codellama,few,7,2,decrease,0,0,same,10.0,10.0,same,75.75,86.16,increase,28
s413915184_pass@1.py,codellama,few,8,2,decrease,0,0,same,10.0,10.0,same,73.03,86.16,increase,79
s004821086_pass@1.py,codellama,few,14,15,increase,0,0,same,18.0,18.0,same,65.67,65.02,decrease,21
s693269647_pass@3.py,codellama,few,10,2,decrease,3.0,2.0,decrease,120.0,116.0,decrease,66.47,74.73,increase,53
s908439862_pass@5.py,codellama,few,8,5,decrease,0,0,same,89.86,133.98,increase,70.4,69.19,decrease,69
s996883089_pass@1.py,codellama,few,11,8,decrease,0,0,same,15.51,15.51,same,71.56,71.56,same,4
s006645469_pass@1.py,codellama,few,4,4,same,0,0,same,4.75,4.75,same,79.61,79.61,same,15
s541731237_pass@3.py,codellama,few,7,7,same,0,0,same,15.51,15.51,same,69.31,69.31,same,23
s096048309_pass@1.py,codellama,few,7,7,same,0,0,same,39.86,39.86,same,71.41,69.95,decrease,12
s764158731_pass@5.py,codellama,few,12,14,increase,0,0,same,159.91,159.91,same,61.54,60.64,decrease,39
s044588462_pass@1.py,codellama,few,5,6,increase,0,0,same,77.71,77.71,same,71.38,69.65,decrease,12
s789703302_pass@3.py,codellama,few,4,5,increase,0,0,same,49.83,33.69,decrease,74.85,73.92,decrease,21
s083799619_pass@1.py,codellama,few,4,5,increase,0,0,same,4.75,4.75,same,79.61,77.88,decrease,24
s644599577_pass@3.py,codellama,few,21,19,decrease,0,0,same,120.0,120.0,same,57.79,57.25,decrease,96
s490085492_pass@1.py,codellama,few,7,4,decrease,0,0,same,0,0,same,100.0,100.0,same,30
s589457088_pass@1.py,codellama,few,6,6,same,0,0,same,0,0,same,100.0,100.0,same,0
s185813191_pass@1.py,codellama,few,8,5,decrease,0,0,same,43.02,58.6,increase,69.59,71.84,increase,25
s285381016_pass@1.py,codellama,few,24,7,decrease,0,0,same,128.93,58.6,decrease,54.31,68.65,increase,219
s277592678_pass@3.py,codellama,few,6,3,decrease,0,0,same,0,0,same,100.0,100.0,same,21
s569329761_pass@1.py,codellama,few,11,8,decrease,0,0,same,0,0,same,100.0,100.0,same,19
s353862024_pass@5.py,codellama,few,22,22,same,0,0,same,345.95,345.95,same,49.12,48.44,decrease,77
s323772822_pass@1.py,codellama,few,12,9,decrease,0,0,same,66.61,66.61,same,62.48,65.21,increase,75
s214129181_pass@1.py,codellama,few,13,11,decrease,0,0,same,4.75,4.75,same,72.64,72.64,same,6
s370902130_pass@1.py,codellama,few,32,26,decrease,0,0,same,43.02,43.02,same,67.55,55.41,decrease,592
s373821703_pass@5.py,codellama,few,16,11,decrease,0,0,same,28.53,15.51,decrease,64.57,68.14,increase,87
s421803874_pass@5.py,codellama,few,10,10,same,0,0,same,20.9,20.9,same,68.4,68.4,same,2
s368208835_pass@1.py,codellama,few,6,5,decrease,0,0,same,4.75,4.75,same,77.88,79.61,increase,19
s040490758_pass@1.py,codellama,few,9,11,increase,0,0,same,25.27,4.75,decrease,68.83,72.91,increase,34
s051392851_pass@1.py,codellama,few,8,7,decrease,0,0,same,15.51,15.51,same,74.42,72.96,decrease,8
s946875575_pass@1.py,codellama,few,7,6,decrease,0,0,same,13.93,15.51,increase,73.29,74.42,increase,19
s171484205_pass@3.py,codellama,few,9,4,decrease,0,0,same,15.51,4.75,decrease,70.44,81.72,increase,40
s250120618_pass@1.py,codellama,few,19,16,decrease,0,0,same,39.86,39.86,same,86.79,62.2,decrease,119
s017269283_pass@1.py,codellama,few,12,10,decrease,0,0,same,15.51,15.51,same,69.31,69.31,same,25
s198495041_pass@1.py,codellama,few,15,12,decrease,0,0,same,25.27,15.51,decrease,64.64,66.12,increase,68
s118986297_pass@3.py,codellama,few,13,10,decrease,0,0,same,69.76,86.04,increase,62.12,63.83,increase,118
s245865840_pass@3.py,codellama,few,17,13,decrease,0,0,same,69.76,69.76,same,62.12,62.12,same,4
s820095650_pass@3.py,codellama,few,25,15,decrease,0,0,same,105.49,77.71,decrease,55.19,58.71,increase,172
s965611824_pass@1.py,codellama,few,12,11,decrease,0,0,same,156.08,156.08,same,58.31,58.31,same,171
s082356343_pass@3.py,codellama,one,10,4,decrease,0,0,same,13.93,13.93,same,74.88,78.72,increase,22
s996953065_pass@3.py,codellama,one,3,3,same,0,0,same,68.53,68.53,same,76.6,76.6,same,9
s725231104_pass@3.py,codellama,one,8,5,decrease,0,0,same,332.93,274.02,decrease,66.96,67.55,increase,35
s901218275_pass@1.py,codellama,one,14,10,decrease,0,0,same,189.99,189.99,same,63.09,63.09,same,23
s142516772_pass@3.py,codellama,one,10,8,decrease,0,0,same,68.53,68.53,same,68.04,66.77,decrease,10
s625777569_pass@5.py,codellama,one,36,23,decrease,2.0,2.0,same,171.18,101.95,decrease,51.33,57.75,increase,519
s543580433_pass@1.py,codellama,one,18,16,decrease,5.0,5.0,same,77.71,77.71,same,60.3,60.3,same,1
s661652946_pass@3.py,codellama,one,89,89,same,1.83,1.83,same,46.53,46.53,same,44.85,44.72,decrease,8
s095287762_pass@3.py,codellama,one,29,24,decrease,3.0,3.0,same,15.51,15.51,same,63.47,64.59,increase,392
s354294286_pass@3.py,codellama,one,36,38,increase,2.0,2.0,same,39.86,39.86,same,52.7,52.7,same,57
s512922599_pass@3.py,codellama,one,4,4,same,0,0,same,4.75,4.75,same,84.72,84.72,same,24
s948994129_pass@1.py,codellama,one,5,3,decrease,0,0,same,4.75,4.75,same,84.72,84.72,same,4
s006670201_pass@1.py,codellama,one,8,4,decrease,0,0,same,33.69,33.69,same,76.04,76.04,same,27
s342764925_pass@1.py,codellama,one,3,3,same,0,0,same,72.0,88.0,increase,76.18,75.57,decrease,36
s435912433_pass@3.py,codellama,one,5,7,increase,0,1.0,increase,108.0,108.0,same,70.38,68.65,decrease,52
s258130823_pass@1.py,codellama,one,9,8,decrease,0,0,same,12.0,12.0,same,71.22,72.34,increase,34
s859035826_pass@5.py,codellama,one,8,7,decrease,0,0,same,15.51,15.51,same,72.69,72.69,same,5
s255090983_pass@1.py,codellama,one,7,5,decrease,0,0,same,10.0,10.0,same,75.75,77.48,increase,15
s413915184_pass@1.py,codellama,one,8,2,decrease,0,0,same,10.0,10.0,same,73.03,86.16,increase,72
s004821086_pass@1.py,codellama,one,14,14,same,0,0,same,18.0,18.0,same,65.67,65.67,same,14
s693269647_pass@3.py,codellama,one,10,4,decrease,3.0,4.0,increase,120.0,142.62,increase,66.47,73.84,increase,60
s993872842_pass@1.py,codellama,one,8,6,decrease,0,0,same,15.51,15.51,same,71.56,72.82,increase,14
s006645469_pass@1.py,codellama,one,4,5,increase,0,0,same,4.75,4.75,same,79.61,79.61,same,12
s541731237_pass@1.py,codellama,one,7,7,same,0,0,same,15.51,15.51,same,69.31,69.31,same,21
s044588462_pass@3.py,codellama,one,5,3,decrease,0,0,same,77.71,20.9,decrease,71.38,100.0,increase,44
s789703302_pass@1.py,codellama,one,4,4,same,0,0,same,49.83,33.69,decrease,74.85,73.92,decrease,20
s644599577_pass@5.py,codellama,one,21,17,decrease,0,0,same,120.0,120.0,same,57.79,57.79,same,2
s490085492_pass@1.py,codellama,one,7,5,decrease,0,0,same,0,0,same,100.0,100.0,same,1
s589457088_pass@1.py,codellama,one,6,15,increase,0,1.0,increase,0,0,same,100.0,100.0,same,101
s041933512_pass@5.py,codellama,one,15,10,decrease,0,0,same,70.32,103.73,increase,62.58,63.99,increase,94
s756477557_pass@1.py,codellama,one,18,14,decrease,0,0,same,84.0,68.0,decrease,85.88,77.83,decrease,138
s185813191_pass@5.py,codellama,one,8,4,decrease,0,0,same,43.02,58.6,increase,69.59,73.95,increase,30
s277592678_pass@1.py,codellama,one,6,3,decrease,0,0,same,0,0,same,100.0,100.0,same,21
s353862024_pass@1.py,codellama,one,22,20,decrease,0,0,same,345.95,345.95,same,49.12,48.77,decrease,22
s765571034_pass@1.py,codellama,one,11,10,decrease,0,0,same,15.51,15.51,same,70.18,69.18,decrease,11
s214129181_pass@5.py,codellama,one,13,14,increase,0,0,same,4.75,4.75,same,72.64,71.73,decrease,12
s373821703_pass@3.py,codellama,one,16,12,decrease,0,0,same,28.53,15.51,decrease,64.57,67.18,increase,50
s287029907_pass@1.py,codellama,one,8,9,increase,0,0,same,55.35,55.35,same,67.56,66.44,decrease,6
s421803874_pass@3.py,codellama,one,10,10,same,0,0,same,20.9,20.9,same,68.4,68.4,same,10
s368208835_pass@3.py,codellama,one,6,5,decrease,0,0,same,4.75,4.75,same,77.88,79.61,increase,34
s040490758_pass@1.py,codellama,one,9,8,decrease,0,0,same,25.27,25.27,same,68.83,69.94,increase,17
s828189570_pass@3.py,codellama,one,8,7,decrease,0,0,same,13.93,13.93,same,74.75,74.75,same,1
s051392851_pass@1.py,codellama,one,8,4,decrease,0,0,same,15.51,15.51,same,74.42,74.42,same,5
s946875575_pass@5.py,codellama,one,7,6,decrease,0,0,same,13.93,15.51,increase,73.29,74.42,increase,21
s171484205_pass@1.py,codellama,one,9,8,decrease,0,0,same,15.51,15.51,same,70.44,71.56,increase,5
s017269283_pass@1.py,codellama,one,12,10,decrease,0,0,same,15.51,15.51,same,69.31,69.31,same,25
s198495041_pass@3.py,codellama,one,15,14,decrease,0,0,same,25.27,15.51,decrease,64.64,66.83,increase,22
s245865840_pass@1.py,codellama,one,17,12,decrease,0,0,same,69.76,57.06,decrease,62.12,63.62,increase,27
s820095650_pass@1.py,codellama,one,25,24,decrease,0,0,same,105.49,105.49,same,55.19,55.19,same,31
s965611824_pass@5.py,codellama,one,12,11,decrease,0,0,same,156.08,156.08,same,58.31,58.31,same,1
s082356343_pass@1.py,codellama,zero,10,4,decrease,0,0,same,13.93,13.93,same,74.88,78.72,increase,22
s263691840_pass@1.py,codellama,zero,5,3,decrease,0,0,same,53.77,53.77,same,72.5,74.61,increase,18
s295817617_pass@1.py,codellama,zero,4,3,decrease,0,0,same,77.71,13.93,decrease,76.22,81.45,increase,22
s371528449_pass@1.py,codellama,zero,6,4,decrease,0,0,same,53.77,53.77,same,72.5,77.34,increase,50
s477555198_pass@3.py,codellama,zero,17,13,decrease,1.33,1.33,same,49.83,49.83,same,64.99,64.99,same,247
s531798554_pass@1.py,codellama,zero,4,4,same,0,0,same,27.0,53.77,increase,79.44,74.61,decrease,31
s687420848_pass@3.py,codellama,zero,4,4,same,0,0,same,70.32,85.84,increase,73.8,73.19,decrease,10
s996953065_pass@5.py,codellama,zero,3,2,decrease,0,0,same,68.53,68.53,same,76.6,80.44,increase,23
s136888622_pass@1.py,codellama,zero,10,10,same,0,0,same,274.02,171.3,decrease,63.1,64.52,increase,63
s170928938_pass@3.py,codellama,zero,9,7,decrease,0,0,same,184.48,184.48,same,65.56,65.56,same,43
s620663854_pass@1.py,codellama,zero,8,7,decrease,0,0,same,242.5,222.91,decrease,64.6,64.99,increase,16
s867076447_pass@1.py,codellama,zero,16,9,decrease,0,0,same,152.93,168.56,increase,86.14,63.46,decrease,175
s899881145_pass@1.py,codellama,zero,7,6,decrease,0,0,same,187.3,187.3,same,66.98,66.98,same,16
s901218275_pass@1.py,codellama,zero,14,14,same,0,1.0,increase,189.99,171.3,decrease,63.09,60.68,decrease,282
s010390929_pass@5.py,codellama,zero,19,15,decrease,0,0,same,53.77,53.77,same,62.34,63.04,increase,95
s095091093_pass@1.py,codellama,zero,5,5,same,0,0,same,68.53,68.53,same,69.63,69.63,same,2
s142516772_pass@1.py,codellama,zero,10,7,decrease,0,0,same,68.53,68.53,same,68.04,68.04,same,8
s203706589_pass@5.py,codellama,zero,7,6,decrease,0,0,same,68.53,68.53,same,66.91,66.91,same,1
s304863237_pass@1.py,codellama,zero,22,13,decrease,0,0,same,70.32,53.77,decrease,62.23,65.53,increase,84
s374724809_pass@3.py,codellama,zero,11,9,decrease,0,0,same,82.04,66.61,decrease,63.34,65.74,increase,45
s538701082_pass@5.py,codellama,zero,15,12,decrease,0,0,same,68.53,53.77,decrease,63.76,67.51,increase,33
s736665972_pass@1.py,codellama,zero,12,10,decrease,0,0,same,55.51,55.51,same,64.53,66.43,increase,39
s646573817_pass@1.py,codellama,zero,13,10,decrease,0,0,same,79.73,79.73,same,63.3,66.18,increase,39
s657725502_pass@1.py,codellama,zero,20,11,decrease,0,0,same,135.71,69.76,decrease,71.14,63.7,decrease,149
s914039331_pass@1.py,codellama,zero,13,12,decrease,4.0,4.0,same,36.0,36.0,same,64.89,64.89,same,1
s935162273_pass@3.py,codellama,zero,16,13,decrease,0,0,same,185.44,185.44,same,59.28,59.28,same,68
s056071335_pass@1.py,codellama,zero,36,23,decrease,2.5,3.33,increase,45.0,45.0,same,72.62,59.18,decrease,977
s082272685_pass@1.py,codellama,zero,77,75,decrease,1.86,1.86,same,45.0,45.0,same,48.34,48.34,same,1
s396380319_pass@3.py,codellama,zero,13,10,decrease,0,0,same,4.75,4.75,same,68.8,72.14,increase,256
s476712717_pass@1.py,codellama,zero,37,34,decrease,1.75,3.2,increase,45.0,99.91,increase,53.84,51.89,decrease,479
s771095630_pass@1.py,codellama,zero,42,28,decrease,1.75,2.4,increase,33.69,33.69,same,56.33,59.12,increase,676
s921223902_pass@5.py,codellama,zero,43,31,decrease,2.6,2.2,decrease,20.9,20.9,same,80.97,70.1,decrease,295
s096014979_pass@1.py,codellama,zero,82,53,decrease,5.0,4.33,decrease,377.86,137.61,decrease,53.85,54.89,increase,684
s247091116_pass@3.py,codellama,zero,60,52,decrease,3.0,3.0,same,77.71,77.71,same,49.2,49.2,same,153
s383138786_pass@5.py,codellama,zero,79,62,decrease,2.5,5.0,increase,168.56,168.56,same,45.11,45.68,increase,1112
s677932982_pass@3.py,codellama,zero,44,42,decrease,2.5,2.5,same,178.41,178.41,same,63.12,59.42,decrease,13
s713234703_pass@5.py,codellama,zero,65,35,decrease,3.75,3.33,decrease,137.61,77.71,decrease,53.11,64.87,increase,1061
s898678511_pass@1.py,codellama,zero,14,14,same,8.0,8.0,same,27.0,27.0,same,63.11,63.11,same,0
s641749477_pass@1.py,codellama,zero,36,40,increase,2.0,2.0,same,3.0,3.0,same,61.37,61.37,same,152
s852483591_pass@1.py,codellama,zero,88,84,decrease,3.33,3.33,same,305.53,305.53,same,51.78,38.32,decrease,191
s188548412_pass@1.py,codellama,zero,124,51,decrease,5.8,5.25,decrease,250.77,206.32,decrease,52.35,43.99,decrease,1568
s018978083_pass@5.py,codellama,zero,3,2,decrease,0,0,same,4.75,4.75,same,88.56,88.56,same,2
s265673579_pass@1.py,codellama,zero,12,8,decrease,1.0,1.0,same,15.51,15.51,same,100.0,99.53,decrease,20
s282957841_pass@1.py,codellama,zero,4,3,decrease,0,0,same,0,0,same,100.0,100.0,same,18
s466621024_pass@1.py,codellama,zero,6,2,decrease,1.0,0,decrease,0,0,same,100.0,100.0,same,29
s512922599_pass@3.py,codellama,zero,4,2,decrease,0,0,same,4.75,4.75,same,84.72,88.56,increase,27
s840646193_pass@5.py,codellama,zero,2,1,decrease,0,0,same,4.75,4.75,same,88.56,95.12,increase,15
s948994129_pass@1.py,codellama,zero,5,3,decrease,0,0,same,4.75,4.75,same,84.72,88.56,increase,10
s006670201_pass@3.py,codellama,zero,8,2,decrease,0,0,same,33.69,33.69,same,76.04,82.6,increase,32
s035164203_pass@1.py,codellama,zero,4,2,decrease,0,0,same,38.04,38.04,same,75.67,82.23,increase,15
s065574246_pass@3.py,codellama,zero,3,2,decrease,0,0,same,33.69,33.69,same,78.76,82.6,increase,20
s086421016_pass@1.py,codellama,zero,3,2,decrease,0,0,same,27.0,27.0,same,79.44,83.28,increase,19
s143748270_pass@1.py,codellama,zero,6,2,decrease,0,0,same,33.69,38.04,increase,72.2,82.23,increase,36
s155183050_pass@1.py,codellama,zero,12,8,decrease,1.0,1.0,same,27.0,27.0,same,69.03,71.41,increase,28
s303173206_pass@1.py,codellama,zero,11,7,decrease,0,0,same,62.27,62.27,same,95.03,68.87,decrease,8
s330797972_pass@1.py,codellama,zero,7,5,decrease,0,0,same,33.69,33.69,same,70.74,73.92,increase,22
s974392022_pass@5.py,codellama,zero,9,2,decrease,0,0,same,88.81,42.11,decrease,69.25,81.79,increase,118
s258130823_pass@1.py,codellama,zero,9,4,decrease,0,0,same,12.0,15.51,increase,71.22,72.82,increase,33
s489329626_pass@1.py,codellama,zero,8,2,decrease,0,0,same,12.0,12.0,same,73.47,85.47,increase,41
s554781057_pass@5.py,codellama,zero,9,4,decrease,0,0,same,12.0,12.0,same,73.61,73.61,same,18
s570849137_pass@1.py,codellama,zero,8,7,decrease,0,0,same,12.0,15.51,increase,72.34,72.82,increase,21
s634967546_pass@5.py,codellama,zero,10,3,decrease,0,0,same,12.0,38.04,increase,72.34,78.12,increase,65
s780434119_pass@1.py,codellama,zero,8,2,decrease,0,0,same,12.0,12.0,same,72.34,85.47,increase,44
s859035826_pass@1.py,codellama,zero,8,7,decrease,0,0,same,15.51,15.51,same,72.69,72.82,increase,25
s977378685_pass@1.py,codellama,zero,8,6,decrease,0,3.0,increase,23.26,23.26,same,70.19,74.65,increase,135
s088261359_pass@1.py,codellama,zero,5,2,decrease,0,0,same,25.27,10.0,decrease,74.53,86.16,increase,32
s178465495_pass@1.py,codellama,zero,16,5,decrease,0,0,same,50.0,4.75,decrease,61.03,79.61,increase,136
s255090983_pass@1.py,codellama,zero,7,2,decrease,0,0,same,10.0,10.0,same,75.75,86.16,increase,30
s398481785_pass@1.py,codellama,zero,6,2,decrease,0,0,same,20.68,25.27,increase,75.27,83.21,increase,27
s584180070_pass@1.py,codellama,zero,7,2,decrease,0,0,same,10.0,10.0,same,77.35,86.16,increase,32
s662145499_pass@5.py,codellama,zero,5,2,decrease,0,0,same,10.0,10.0,same,77.35,86.16,increase,35
s743841156_pass@1.py,codellama,zero,12,8,decrease,1.5,1.0,decrease,15.51,15.51,same,70.44,72.82,increase,58
s967421224_pass@3.py,codellama,zero,4,3,decrease,0,0,same,10.0,10.0,same,82.32,82.32,same,1
s179450449_pass@3.py,codellama,zero,4,2,decrease,0,0,same,4.75,0,decrease,81.86,100.0,increase,53
s264999662_pass@3.py,codellama,zero,13,2,decrease,0,0,same,60.0,0,decrease,62.17,100.0,increase,161
s428604004_pass@1.py,codellama,zero,7,6,decrease,1.0,1.0,same,4.75,4.75,same,79.74,79.74,same,6
s441941269_pass@1.py,codellama,zero,17,3,decrease,0,0,same,211.52,0,decrease,57.52,100.0,increase,177
s491337102_pass@1.py,codellama,zero,7,3,decrease,0,0,same,0,0,same,100.0,100.0,same,17
s570872110_pass@1.py,codellama,zero,3,2,decrease,0,0,same,0,0,same,100.0,100.0,same,36
s343134940_pass@1.py,codellama,zero,5,2,decrease,0,0,same,123.19,123.19,same,69.44,78.12,increase,72
s428274811_pass@5.py,codellama,zero,2,2,same,0,0,same,123.19,144.95,increase,78.12,77.63,decrease,2
s433923450_pass@1.py,codellama,zero,5,2,decrease,0,0,same,89.86,89.86,same,70.27,78.95,increase,25
s504623316_pass@3.py,codellama,zero,6,2,decrease,0,0,same,194.51,72.34,decrease,67.78,80.01,increase,85
s693269647_pass@1.py,codellama,zero,10,3,decrease,3.0,2.0,decrease,120.0,116.0,decrease,66.47,74.73,increase,54
s875752802_pass@3.py,codellama,zero,7,2,decrease,0,0,same,89.86,89.86,same,70.4,79.08,increase,24
s908439862_pass@5.py,codellama,zero,8,5,decrease,0,0,same,89.86,89.86,same,70.4,70.4,same,26
s990723931_pass@3.py,codellama,zero,18,6,decrease,0,0,same,15.51,11.61,decrease,84.63,76.89,decrease,96
s991709461_pass@5.py,codellama,zero,10,8,decrease,0,0,same,28.53,24.0,decrease,68.59,69.12,increase,10
s995405685_pass@3.py,codellama,zero,7,4,decrease,0,0,same,66.61,66.61,same,69.85,73.69,increase,21
s997988843_pass@3.py,codellama,zero,7,4,decrease,0,0,same,15.51,15.51,same,74.29,78.13,increase,14
s998630458_pass@3.py,codellama,zero,7,6,decrease,0,0,same,15.51,15.51,same,72.82,72.82,same,19
s999951009_pass@3.py,codellama,zero,10,9,decrease,0,0,same,4.75,4.75,same,72.91,73.9,increase,17
s708103246_pass@5.py,codellama,zero,7,8,increase,0,0,same,36.0,36.0,same,68.73,68.73,same,9
s561025503_pass@3.py,codellama,zero,4,2,decrease,0,0,same,28.53,28.53,same,79.0,82.84,increase,40
s044588462_pass@1.py,codellama,zero,5,5,same,0,1.0,increase,77.71,20.9,decrease,71.38,77.49,increase,47
s428316024_pass@3.py,codellama,zero,2,2,same,0,0,same,33.69,20.9,decrease,82.6,80.21,decrease,24
s301962781_pass@1.py,codellama,zero,8,5,decrease,0,0,same,31.02,33.69,increase,74.17,73.92,decrease,15
s349012706_pass@3.py,codellama,zero,5,5,same,0,0,same,31.02,36.0,increase,74.17,73.72,decrease,9
s427375336_pass@1.py,codellama,zero,4,3,decrease,0,0,same,31.02,33.69,increase,76.29,78.76,increase,6
s516128771_pass@1.py,codellama,zero,8,6,decrease,0,0,same,31.02,31.02,same,74.17,74.17,same,5
s815513283_pass@3.py,codellama,zero,2,2,same,0,0,same,33.69,33.69,same,78.76,82.6,increase,11
s976254415_pass@1.py,codellama,zero,3,3,same,0,0,same,47.55,31.02,decrease,77.71,76.29,decrease,22
s359296711_pass@1.py,codellama,zero,12,16,increase,0,0,same,99.91,99.91,same,77.22,74.14,decrease,28
s185744216_pass@5.py,codellama,zero,6,4,decrease,0,0,same,0,0,same,100.0,100.0,same,1
s439275119_pass@3.py,codellama,zero,3,3,same,0,0,same,0,0,same,100.0,100.0,same,4
s589457088_pass@1.py,codellama,zero,6,3,decrease,0,0,same,0,0,same,100.0,100.0,same,30
s102385622_pass@1.py,codellama,zero,9,5,decrease,0,0,same,38.04,30.0,decrease,67.45,70.55,increase,47
s453753105_pass@5.py,codellama,zero,8,5,decrease,0,0,same,38.04,22.46,decrease,68.56,71.43,increase,34
s482014715_pass@3.py,codellama,zero,9,6,decrease,0,0,same,4.75,15.51,increase,73.77,74.15,increase,55
s817795761_pass@3.py,codellama,zero,10,7,decrease,0,0,same,25.27,38.04,increase,89.23,71.29,decrease,57
s058825781_pass@1.py,codellama,zero,11,9,decrease,0,0,same,108.0,108.0,same,62.37,63.28,increase,12
s451410268_pass@1.py,codellama,zero,9,11,increase,0,0,same,145.95,141.78,decrease,63.49,61.28,decrease,183
s738024971_pass@1.py,codellama,zero,22,14,decrease,0,0,same,113.3,76.15,decrease,58.75,65.07,increase,231
s052760623_pass@1.py,codellama,zero,17,11,decrease,0,0,same,244.27,81.75,decrease,54.96,63.85,increase,455
s394044070_pass@3.py,codellama,zero,35,32,decrease,3.5,3.75,increase,85.84,85.84,same,53.41,53.62,increase,108
s756477557_pass@1.py,codellama,zero,18,13,decrease,0,0,same,84.0,77.66,decrease,85.88,60.96,decrease,200
s922080172_pass@1.py,codellama,zero,10,10,same,0,0,same,85.84,85.84,same,63.07,63.07,same,0
s008878387_pass@3.py,codellama,zero,5,2,decrease,0,0,same,58.6,58.6,same,71.84,80.52,increase,31
s144613711_pass@5.py,codellama,zero,9,7,decrease,0,0,same,110.45,99.4,decrease,65.46,90.39,increase,32
s234638029_pass@1.py,codellama,zero,15,3,decrease,0,0,same,77.71,58.6,decrease,76.33,100.0,increase,185
s312667624_pass@3.py,codellama,zero,24,14,decrease,0,0,same,110.36,55.51,decrease,76.13,85.33,increase,235
s394618290_pass@1.py,codellama,zero,15,13,decrease,0,0,same,66.61,79.95,increase,61.56,61.7,increase,10
s771974273_pass@1.py,codellama,zero,8,7,decrease,0,0,same,83.4,68.0,decrease,67.44,69.66,increase,42
s139086329_pass@1.py,codellama,zero,2,2,same,0,0,same,2.0,0,decrease,87.35,100.0,increase,8
s277592678_pass@5.py,codellama,zero,6,3,decrease,0,0,same,0,0,same,100.0,100.0,same,21
s484306856_pass@1.py,codellama,zero,3,2,decrease,0,0,same,2.0,2.0,same,84.62,87.35,increase,9
s673444911_pass@1.py,codellama,zero,4,2,decrease,0,0,same,2.0,0,decrease,84.62,100.0,increase,26
s304861663_pass@5.py,codellama,zero,5,5,same,0,0,same,0,0,same,100.0,100.0,same,4
s353862024_pass@1.py,codellama,zero,22,19,decrease,0,0,same,345.95,345.95,same,49.12,49.12,same,2
s625955670_pass@1.py,codellama,zero,13,11,decrease,1.0,1.0,same,13.93,13.93,same,67.64,67.64,same,19
s663155927_pass@1.py,codellama,zero,14,10,decrease,0,0,same,25.27,25.27,same,67.69,67.69,same,75
s765571034_pass@1.py,codellama,zero,11,9,decrease,0,0,same,15.51,15.51,same,70.18,70.18,same,5
s972791455_pass@5.py,codellama,zero,23,23,same,0,0,same,69.76,69.76,same,56.19,56.33,increase,85
s020271710_pass@5.py,codellama,zero,25,12,decrease,0,0,same,84.0,84.0,same,56.47,63.5,increase,134
s424238858_pass@1.py,codellama,zero,15,13,decrease,0,0,same,112.59,114.69,increase,58.37,77.29,increase,409
s502975646_pass@5.py,codellama,zero,30,25,decrease,0,0,same,51.89,51.89,same,55.78,56.15,increase,130
s101832115_pass@5.py,codellama,zero,13,13,same,0,0,same,28.53,15.51,decrease,63.9,66.15,increase,359
s122031066_pass@1.py,codellama,zero,18,16,decrease,0,0,same,15.51,15.51,same,63.47,64.59,increase,213
s834280627_pass@5.py,codellama,zero,23,17,decrease,0,0,same,15.51,15.51,same,89.34,93.55,increase,159
s887553584_pass@5.py,codellama,zero,12,12,same,0,0,same,15.51,15.51,same,67.45,67.32,decrease,50
s004058109_pass@3.py,codellama,zero,17,15,decrease,0,0,same,199.04,259.6,increase,56.77,55.83,decrease,137
s779449621_pass@1.py,codellama,zero,23,18,decrease,0,0,same,340.0,576.64,increase,50.97,50.46,decrease,86
s104778345_pass@1.py,codellama,zero,22,21,decrease,0,0,same,214.05,214.05,same,53.19,53.63,increase,110
s166845896_pass@3.py,codellama,zero,12,8,decrease,0,0,same,152.0,136.74,decrease,60.93,67.13,increase,116
s201307593_pass@3.py,codellama,zero,12,6,decrease,0,0,same,140.65,125.64,decrease,61.03,67.39,increase,94
s212920527_pass@3.py,codellama,zero,12,5,decrease,0,0,same,155.59,133.44,decrease,60.03,67.2,increase,137
s522654076_pass@5.py,codellama,zero,12,5,decrease,0,0,same,144.0,128.93,decrease,62.13,69.17,increase,115
s582875838_pass@3.py,codellama,zero,10,6,decrease,0,0,same,89.86,76.15,decrease,63.7,69.04,increase,40
s214129181_pass@1.py,codellama,zero,13,8,decrease,0,0,same,4.75,4.75,same,72.64,74.62,increase,100
s242890011_pass@1.py,codellama,zero,23,22,decrease,0,0,same,120.0,120.0,same,56.71,56.71,same,17
s267904831_pass@1.py,codellama,zero,8,8,same,0,0,same,27.0,27.0,same,69.87,69.87,same,1
s881337270_pass@5.py,codellama,zero,22,21,decrease,0,0,same,13.93,13.93,same,63.8,63.29,decrease,7
s370902130_pass@5.py,codellama,zero,32,27,decrease,0,0,same,43.02,15.51,decrease,67.55,74.33,increase,80
s371139050_pass@5.py,codellama,zero,14,6,decrease,0,0,same,27.0,4.75,decrease,65.36,77.34,increase,127
s373821703_pass@3.py,codellama,zero,16,10,decrease,0,0,same,28.53,15.51,decrease,64.57,68.91,increase,62
s374238291_pass@1.py,codellama,zero,22,20,decrease,0,0,same,28.53,28.53,same,60.97,61.49,increase,48
s577435334_pass@1.py,codellama,zero,9,10,increase,0,0,same,13.93,13.93,same,70.1,69.1,decrease,8
s011003325_pass@3.py,codellama,zero,3,2,decrease,0,0,same,0,0,same,100.0,100.0,same,12
s175165176_pass@1.py,codellama,zero,4,2,decrease,0,0,same,0,0,same,100.0,100.0,same,13
s962118174_pass@1.py,codellama,zero,8,2,decrease,0,0,same,0,0,same,100.0,100.0,same,116
s031239153_pass@1.py,codellama,zero,8,5,decrease,0,0,same,4.75,4.75,same,75.16,79.74,increase,70
s147946678_pass@5.py,codellama,zero,6,10,increase,0,4.0,increase,4.75,13.93,increase,79.47,70.5,decrease,61
s219792778_pass@5.py,codellama,zero,13,7,decrease,2.0,2.0,same,53.77,4.75,decrease,81.73,76.29,decrease,79
s309823221_pass@1.py,codellama,zero,26,13,decrease,4.0,4.0,same,51.89,51.89,same,86.13,61.66,decrease,382
s951772590_pass@1.py,codellama,zero,8,6,decrease,0,0,same,15.51,4.75,decrease,71.43,77.75,increase,30
s040490758_pass@3.py,codellama,zero,9,7,decrease,0,0,same,25.27,13.93,decrease,68.83,73.02,increase,52
s075107473_pass@1.py,codellama,zero,19,18,decrease,0,0,same,101.95,103.73,increase,78.28,79.36,increase,30
s531603545_pass@5.py,codellama,zero,18,15,decrease,0,0,same,25.27,25.27,same,64.37,65.07,increase,150
s828189570_pass@3.py,codellama,zero,8,5,decrease,0,0,same,13.93,13.93,same,74.75,76.47,increase,13
s002223862_pass@3.py,codellama,zero,9,4,decrease,0,0,same,24.0,24.0,same,71.63,76.93,increase,31
s051392851_pass@1.py,codellama,zero,8,3,decrease,0,0,same,15.51,15.51,same,74.42,80.99,increase,19
s310753047_pass@1.py,codellama,zero,3,3,same,0,0,same,15.51,15.51,same,80.99,80.99,same,1
s871170661_pass@1.py,codellama,zero,8,6,decrease,0,0,same,13.93,15.51,increase,73.29,74.42,increase,14
s021883501_pass@5.py,codellama,zero,15,8,decrease,0,0,same,39.86,27.0,decrease,63.12,69.61,increase,66
s281043426_pass@3.py,codellama,zero,27,10,decrease,0,0,same,27.0,27.0,same,94.35,66.72,decrease,158
s514309499_pass@1.py,codellama,zero,22,14,decrease,0,0,same,38.04,27.0,decrease,60.23,62.9,increase,109
s570268714_pass@1.py,codellama,zero,14,8,decrease,0,0,same,39.86,27.0,decrease,64.58,69.61,increase,33
s017269283_pass@3.py,codellama,zero,12,10,decrease,0,0,same,15.51,15.51,same,69.31,69.31,same,21
s023907632_pass@3.py,codellama,zero,13,13,same,0,0,same,4.75,24.0,increase,70.91,65.99,decrease,227
s046097791_pass@1.py,codellama,zero,9,11,increase,0,4.0,increase,15.51,15.51,same,69.31,66.83,decrease,113
s116264666_pass@1.py,codellama,zero,12,15,increase,0,5.0,increase,15.51,15.51,same,83.16,65.34,decrease,100
s308008730_pass@1.py,codellama,zero,12,9,decrease,0,0,same,15.51,15.51,same,96.52,69.31,decrease,44
s339041571_pass@1.py,codellama,zero,7,8,increase,0,0,same,15.51,15.51,same,70.31,70.31,same,6
s245865840_pass@1.py,codellama,zero,17,12,decrease,0,0,same,69.76,57.06,decrease,62.12,63.62,increase,44
s806369748_pass@5.py,codellama,zero,32,21,decrease,2.5,2.5,same,51.89,51.89,same,88.85,60.48,decrease,508
s934739140_pass@1.py,codellama,zero,13,10,decrease,0,0,same,57.06,57.06,same,62.86,63.62,increase,25
s045509917_pass@3.py,codellama,zero,15,14,decrease,0,0,same,143.06,143.06,same,57.39,57.39,same,39
s081076036_pass@3.py,codellama,zero,28,20,decrease,0,0,same,173.92,173.92,same,68.59,68.59,same,8
s732501656_pass@3.py,codellama,zero,17,10,decrease,0,0,same,143.06,151.27,increase,55.39,59.77,increase,190
s761395796_pass@3.py,codellama,zero,21,15,decrease,0,0,same,60.94,34.87,decrease,58.31,78.29,increase,194
s798849352_pass@3.py,codellama,zero,15,11,decrease,0,0,same,92.0,92.0,same,59.44,60.71,increase,13
s820095650_pass@1.py,codellama,zero,25,17,decrease,0,0,same,105.49,77.71,decrease,55.19,58.71,increase,171
s965611824_pass@1.py,codellama,zero,12,11,decrease,0,0,same,156.08,156.08,same,58.31,58.31,same,3
s995779739_pass@1.py,codellama,zero,21,22,increase,1.0,1.0,same,140.55,140.55,same,54.72,54.72,same,446
s512922599_pass@3.py,starcoder2,few,4,3,decrease,0,0,same,4.75,4.75,same,84.72,84.72,same,2
s490085492_pass@1.py,starcoder2,one,7,4,decrease,0,0,same,0,0,same,100.0,100.0,same,1
s054233732_pass@1.py,starcoder2,one,20,18,decrease,0,0,same,96.0,96.0,same,77.28,76.29,decrease,8
s295817617_pass@5.py,starcoder2,zero,4,15,increase,0,0,same,77.71,53.77,decrease,76.22,94.15,increase,368
s901218275_pass@3.py,starcoder2,zero,14,12,decrease,0,0,same,189.99,208.97,increase,63.09,81.43,increase,35
s065574246_pass@5.py,starcoder2,zero,3,2,decrease,0,0,same,33.69,33.69,same,78.76,78.76,same,9
s980281597_pass@5.py,starcoder2,zero,12,4,decrease,0,0,same,12.0,12.0,same,95.46,100.0,increase,64
s349012706_pass@5.py,starcoder2,zero,5,5,same,0,0,same,31.02,31.02,same,74.17,74.17,same,1
s973436690_pass@1.py,starcoder2,zero,26,26,same,0,0,same,99.91,99.91,same,74.31,79.47,increase,44
s201307593_pass@5.py,starcoder2,zero,12,12,same,0,0,same,140.65,140.65,same,61.03,78.13,increase,4
s701623370_pass@5.py,starcoder2,zero,3,3,same,0,0,same,0,0,same,100.0,100.0,same,8
s570268714_pass@3.py,starcoder2,zero,14,14,same,0,0,same,39.86,39.86,same,64.58,86.47,increase,54
s918657324_pass@1.py,starcoder2,zero,21,21,same,0,0,same,89.69,89.69,same,54.16,54.16,same,0
s996953065_pass@3.py,wizardcoder,few,3,7,increase,0,0,same,68.53,13.93,decrease,76.6,78.72,increase,44
s901218275_pass@3.py,wizardcoder,few,14,8,decrease,0,0,same,189.99,171.3,decrease,63.09,65.79,increase,188
s512922599_pass@1.py,wizardcoder,few,4,2,decrease,0,0,same,4.75,4.75,same,84.72,88.56,increase,40
s948994129_pass@1.py,wizardcoder,few,5,2,decrease,0,0,same,4.75,4.75,same,84.72,88.56,increase,24
s859035826_pass@1.py,wizardcoder,few,8,7,decrease,0,0,same,15.51,15.51,same,72.69,72.82,increase,18
s255090983_pass@1.py,wizardcoder,few,7,2,decrease,0,0,same,10.0,10.0,same,75.75,86.16,increase,28
s004821086_pass@5.py,wizardcoder,few,14,3,decrease,0,0,same,18.0,0,decrease,65.67,100.0,increase,96
s908439862_pass@1.py,wizardcoder,few,8,8,same,0,0,same,89.86,89.86,same,70.4,68.67,decrease,27
s996883089_pass@3.py,wizardcoder,few,11,8,decrease,0,0,same,15.51,23.26,increase,71.56,70.33,decrease,6
s541731237_pass@3.py,wizardcoder,few,7,10,increase,0,0,same,15.51,15.51,same,69.31,69.31,same,37
s789703302_pass@5.py,wizardcoder,few,4,9,increase,0,0,same,49.83,49.83,same,74.85,74.85,same,13
s589457088_pass@1.py,wizardcoder,few,6,6,same,0,0,same,0,0,same,100.0,100.0,same,11
s185813191_pass@1.py,wizardcoder,few,8,5,decrease,0,0,same,43.02,58.6,increase,69.59,71.84,increase,25
s287029907_pass@1.py,wizardcoder,few,8,3,decrease,0,0,same,55.35,34.87,decrease,67.56,78.39,increase,63
s040490758_pass@1.py,wizardcoder,few,9,8,decrease,0,0,same,25.27,25.27,same,68.83,69.94,increase,19
s051392851_pass@1.py,wizardcoder,few,8,3,decrease,0,0,same,15.51,15.51,same,74.42,80.99,increase,24
s245865840_pass@3.py,wizardcoder,few,17,12,decrease,0,0,same,69.76,57.06,decrease,62.12,63.62,increase,114
s996953065_pass@3.py,wizardcoder,one,3,3,same,0,0,same,68.53,68.53,same,76.6,80.44,increase,20
s512922599_pass@1.py,wizardcoder,one,4,2,decrease,0,0,same,4.75,4.75,same,84.72,88.56,increase,40
s948994129_pass@1.py,wizardcoder,one,5,1,decrease,0,0,same,4.75,4.75,same,84.72,95.12,increase,40
s258130823_pass@5.py,wizardcoder,one,9,17,increase,0,0,same,12.0,12.0,same,71.22,71.22,same,25
s859035826_pass@3.py,wizardcoder,one,8,8,same,0,0,same,15.51,15.51,same,72.69,71.43,decrease,23
s255090983_pass@1.py,wizardcoder,one,7,2,decrease,0,0,same,10.0,10.0,same,75.75,86.16,increase,30
s693269647_pass@5.py,wizardcoder,one,10,4,decrease,3.0,4.0,increase,120.0,154.29,increase,66.47,73.6,increase,73
s996883089_pass@3.py,wizardcoder,one,11,8,decrease,0,0,same,15.51,15.51,same,71.56,71.56,same,16
s789703302_pass@5.py,wizardcoder,one,4,3,decrease,0,0,same,49.83,33.69,decrease,74.85,78.76,increase,26
s589457088_pass@3.py,wizardcoder,one,6,6,same,0,0,same,0,0,same,100.0,100.0,same,0
s069952946_pass@1.py,wizardcoder,one,10,15,increase,0,0,same,25.27,28.53,increase,68.69,69.57,increase,41
s185813191_pass@1.py,wizardcoder,one,8,5,decrease,0,0,same,43.02,58.6,increase,69.59,71.84,increase,25
s569329761_pass@3.py,wizardcoder,one,11,3,decrease,0,0,same,0,2.0,increase,100.0,84.62,decrease,112
s919326051_pass@3.py,wizardcoder,one,15,6,decrease,0,0,same,15.51,4.75,decrease,66.69,77.48,increase,205
s287029907_pass@3.py,wizardcoder,one,8,14,increase,0,2.5,increase,55.35,55.35,same,67.56,62.96,decrease,135
s421803874_pass@3.py,wizardcoder,one,10,10,same,0,0,same,20.9,20.9,same,68.4,68.4,same,10
s040490758_pass@1.py,wizardcoder,one,9,9,same,0,0,same,25.27,13.93,decrease,68.83,70.64,increase,13
s051392851_pass@3.py,wizardcoder,one,8,6,decrease,0,0,same,15.51,15.51,same,74.42,74.42,same,1
s477555198_pass@1.py,wizardcoder,zero,17,13,decrease,1.33,1.33,same,49.83,49.83,same,64.99,63.41,decrease,145
s996953065_pass@1.py,wizardcoder,zero,3,2,decrease,0,0,same,68.53,68.53,same,76.6,80.44,increase,46
s304863237_pass@3.py,wizardcoder,zero,22,15,decrease,0,0,same,70.32,48.43,decrease,62.23,63.23,increase,202
s538701082_pass@1.py,wizardcoder,zero,15,19,increase,0,0,same,68.53,55.51,decrease,63.76,66.43,increase,117
s736665972_pass@3.py,wizardcoder,zero,12,9,decrease,0,0,same,55.51,55.51,same,64.53,66.43,increase,82
s935162273_pass@1.py,wizardcoder,zero,16,12,decrease,0,0,same,185.44,191.37,increase,59.28,60.21,increase,75
s056071335_pass@5.py,wizardcoder,zero,36,28,decrease,2.5,2.5,same,45.0,31.02,decrease,72.62,57.72,decrease,429
s771095630_pass@1.py,wizardcoder,zero,42,26,decrease,1.75,1.86,increase,33.69,33.69,same,56.33,57.2,increase,671
s018978083_pass@1.py,wizardcoder,zero,3,1,decrease,0,0,same,4.75,4.75,same,88.56,95.12,increase,14
s466621024_pass@5.py,wizardcoder,zero,6,2,decrease,1.0,0,decrease,0,0,same,100.0,100.0,same,28
s512922599_pass@5.py,wizardcoder,zero,4,3,decrease,0,0,same,4.75,4.75,same,84.72,84.72,same,25
s840646193_pass@1.py,wizardcoder,zero,2,3,increase,0,0,same,4.75,4.75,same,88.56,88.56,same,5
s948994129_pass@3.py,wizardcoder,zero,5,2,decrease,0,0,same,4.75,4.75,same,84.72,88.56,increase,25
s065574246_pass@1.py,wizardcoder,zero,3,3,same,0,0,same,33.69,33.69,same,78.76,82.6,increase,10
s086421016_pass@1.py,wizardcoder,zero,3,3,same,0,0,same,27.0,13.93,decrease,79.44,100.0,increase,125
s155183050_pass@3.py,wizardcoder,zero,12,2,decrease,1.0,0,decrease,27.0,27.0,same,69.03,83.28,increase,114
s691583660_pass@3.py,wizardcoder,zero,8,6,decrease,1.0,1.0,same,38.04,38.04,same,71.69,73.42,increase,36
s258130823_pass@3.py,wizardcoder,zero,9,19,increase,0,3.0,increase,12.0,12.0,same,71.22,71.22,same,86
s570849137_pass@1.py,wizardcoder,zero,8,2,decrease,0,0,same,12.0,15.51,increase,72.34,84.69,increase,64
s780434119_pass@1.py,wizardcoder,zero,8,2,decrease,0,0,same,12.0,12.0,same,72.34,85.47,increase,57
s859035826_pass@3.py,wizardcoder,zero,8,13,increase,0,0,same,15.51,15.51,same,72.69,72.82,increase,16
s088261359_pass@5.py,wizardcoder,zero,5,2,decrease,0,0,same,25.27,25.27,same,74.53,83.21,increase,27
s178465495_pass@5.py,wizardcoder,zero,16,5,decrease,0,0,same,50.0,41.51,decrease,61.03,73.02,increase,140
s255090983_pass@1.py,wizardcoder,zero,7,2,decrease,0,0,same,10.0,10.0,same,75.75,86.16,increase,28
s398481785_pass@1.py,wizardcoder,zero,6,2,decrease,0,0,same,20.68,25.27,increase,75.27,83.21,increase,29
s584180070_pass@1.py,wizardcoder,zero,7,2,decrease,0,0,same,10.0,10.0,same,77.35,86.16,increase,36
s662145499_pass@1.py,wizardcoder,zero,5,3,decrease,0,0,same,10.0,10.0,same,77.35,86.16,increase,37
s743841156_pass@5.py,wizardcoder,zero,12,3,decrease,1.5,0,decrease,15.51,25.27,increase,70.44,83.21,increase,120
s791577828_pass@5.py,wizardcoder,zero,1,3,increase,0,0,same,10.0,10.0,same,86.16,86.16,same,41
s967421224_pass@3.py,wizardcoder,zero,4,2,decrease,0,0,same,10.0,10.0,same,82.32,86.16,increase,21
s107203033_pass@5.py,wizardcoder,zero,6,2,decrease,0,0,same,15.51,0,decrease,74.29,100.0,increase,74
s339999941_pass@5.py,wizardcoder,zero,37,5,decrease,0,0,same,142.17,0,decrease,52.82,100.0,increase,289
s491337102_pass@1.py,wizardcoder,zero,7,2,decrease,0,0,same,0,0,same,100.0,100.0,same,33
s570872110_pass@1.py,wizardcoder,zero,3,3,same,0,0,same,0,0,same,100.0,100.0,same,50
s428274811_pass@1.py,wizardcoder,zero,2,2,same,0,0,same,123.19,91.38,decrease,78.12,79.43,increase,11
s875752802_pass@1.py,wizardcoder,zero,7,2,decrease,0,0,same,89.86,89.86,same,70.4,79.08,increase,63
s993872842_pass@1.py,wizardcoder,zero,8,6,decrease,0,0,same,15.51,15.51,same,71.56,72.82,increase,27
s996883089_pass@3.py,wizardcoder,zero,11,8,decrease,0,0,same,15.51,23.26,increase,71.56,70.33,decrease,6
s998630458_pass@1.py,wizardcoder,zero,7,10,increase,0,0,same,15.51,23.26,increase,72.82,68.08,decrease,48
s999951009_pass@1.py,wizardcoder,zero,10,19,increase,0,0,same,4.75,4.75,same,72.91,92.53,increase,165
s085864513_pass@1.py,wizardcoder,zero,9,7,decrease,0,0,same,4.75,4.75,same,75.02,77.75,increase,26
s541731237_pass@1.py,wizardcoder,zero,7,12,increase,0,4.0,increase,15.51,15.51,same,69.31,68.41,decrease,136
s608838695_pass@1.py,wizardcoder,zero,6,6,same,0,0,same,25.27,25.27,same,72.67,72.67,same,20
s096048309_pass@5.py,wizardcoder,zero,7,9,increase,0,3.0,increase,39.86,28.53,decrease,71.41,74.16,increase,124
s561025503_pass@3.py,wizardcoder,zero,4,2,decrease,0,0,same,28.53,24.0,decrease,79.0,83.37,increase,40
s388797281_pass@1.py,wizardcoder,zero,5,5,same,0,0,same,20.9,20.9,same,75.37,75.37,same,40
s428316024_pass@1.py,wizardcoder,zero,2,3,increase,0,0,same,33.69,20.9,decrease,82.6,84.06,increase,13
s507883283_pass@1.py,wizardcoder,zero,2,2,same,0,0,same,20.9,20.9,same,80.21,80.21,same,11
s262396358_pass@5.py,wizardcoder,zero,3,3,same,0,0,same,31.02,31.02,same,79.01,82.85,increase,32
s349012706_pass@1.py,wizardcoder,zero,5,3,decrease,0,0,same,31.02,31.02,same,74.17,82.85,increase,44
s027399995_pass@5.py,wizardcoder,zero,17,9,decrease,0,0,same,114.22,108.0,decrease,57.67,87.83,increase,564
s185744216_pass@1.py,wizardcoder,zero,6,11,increase,0,1.0,increase,0,0,same,100.0,100.0,same,20
s424922758_pass@5.py,wizardcoder,zero,5,5,same,0,0,same,2.0,0,decrease,84.62,100.0,increase,18
s439275119_pass@1.py,wizardcoder,zero,3,3,same,0,0,same,0,0,same,100.0,100.0,same,6
s589457088_pass@5.py,wizardcoder,zero,6,3,decrease,0,0,same,0,0,same,100.0,100.0,same,33
s734094779_pass@5.py,wizardcoder,zero,15,10,decrease,0,0,same,34.87,15.51,decrease,64.36,69.31,increase,80
s006445558_pass@5.py,wizardcoder,zero,10,11,increase,0,6.0,increase,4.75,4.75,same,72.64,71.73,decrease,144
s817795761_pass@3.py,wizardcoder,zero,10,17,increase,0,0,same,25.27,25.27,same,89.23,91.7,increase,216
s008878387_pass@5.py,wizardcoder,zero,5,5,same,0,0,same,58.6,58.6,same,71.84,71.84,same,6
s144613711_pass@5.py,wizardcoder,zero,9,8,decrease,0,0,same,110.45,94.01,decrease,65.46,65.95,increase,27
s222554289_pass@3.py,wizardcoder,zero,14,12,decrease,0,0,same,110.36,110.36,same,60.72,61.48,increase,133
s387961185_pass@3.py,wizardcoder,zero,9,4,decrease,0,0,same,43.02,58.6,increase,67.21,73.95,increase,91
s394618290_pass@5.py,wizardcoder,zero,15,13,decrease,0,0,same,66.61,79.95,increase,61.56,61.7,increase,12
s771974273_pass@3.py,wizardcoder,zero,8,6,decrease,0,0,same,83.4,58.6,decrease,67.44,70.11,increase,59
s000834186_pass@3.py,wizardcoder,zero,9,3,decrease,0,0,same,28.07,0,decrease,69.76,100.0,increase,92
s277592678_pass@5.py,wizardcoder,zero,6,3,decrease,0,0,same,0,2.0,increase,100.0,84.49,decrease,20
s484306856_pass@5.py,wizardcoder,zero,3,3,same,0,0,same,2.0,0,decrease,84.62,100.0,increase,10
s673444911_pass@1.py,wizardcoder,zero,4,3,decrease,0,0,same,2.0,2.0,same,84.62,84.62,same,11
s053858745_pass@3.py,wizardcoder,zero,19,7,decrease,0,0,same,15.51,4.75,decrease,65.99,76.02,increase,239
s101832115_pass@5.py,wizardcoder,zero,13,11,decrease,0,0,same,28.53,4.75,decrease,63.9,71.33,increase,201
s241547485_pass@3.py,wizardcoder,zero,17,15,decrease,0,0,same,286.62,286.62,same,56.31,56.31,same,68
s104778345_pass@1.py,wizardcoder,zero,22,21,decrease,0,0,same,214.05,162.63,decrease,53.19,54.46,increase,271
s493019358_pass@3.py,wizardcoder,zero,5,9,increase,0,0,same,96.79,96.79,same,68.04,68.18,increase,14
s582875838_pass@3.py,wizardcoder,zero,10,5,decrease,0,0,same,89.86,76.15,decrease,63.7,70.9,increase,80
s305140466_pass@5.py,wizardcoder,zero,16,15,decrease,0,4.0,increase,39.86,41.51,increase,62.6,62.34,decrease,173
s011003325_pass@3.py,wizardcoder,zero,3,2,decrease,0,0,same,0,0,same,100.0,100.0,same,12
s175165176_pass@1.py,wizardcoder,zero,4,2,decrease,0,0,same,0,0,same,100.0,100.0,same,6
s471959790_pass@1.py,wizardcoder,zero,7,5,decrease,0,3.0,increase,4.75,0,decrease,79.61,100.0,increase,64
s962118174_pass@3.py,wizardcoder,zero,8,8,same,0,0,same,0,0,same,100.0,100.0,same,3
s219792778_pass@5.py,wizardcoder,zero,13,9,decrease,2.0,2.0,same,53.77,4.75,decrease,81.73,75.02,decrease,69
s309823221_pass@1.py,wizardcoder,zero,26,10,decrease,4.0,4.0,same,51.89,4.75,decrease,86.13,75.02,decrease,219
s368208835_pass@1.py,wizardcoder,zero,6,17,increase,0,1.0,increase,4.75,4.75,same,77.88,75.16,decrease,51
s999569353_pass@1.py,wizardcoder,zero,7,7,same,0,0,same,4.75,4.75,same,76.29,76.29,same,62
s040490758_pass@5.py,wizardcoder,zero,9,8,decrease,0,0,same,25.27,25.27,same,68.83,69.94,increase,13
s531603545_pass@5.py,wizardcoder,zero,18,15,decrease,0,0,same,25.27,15.51,decrease,64.37,89.73,increase,210
s002223862_pass@5.py,wizardcoder,zero,9,5,decrease,0,0,same,24.0,24.0,same,71.63,79.66,increase,46
s051392851_pass@1.py,wizardcoder,zero,8,5,decrease,0,0,same,15.51,15.51,same,74.42,80.99,increase,18
s310753047_pass@3.py,wizardcoder,zero,3,5,increase,0,0,same,15.51,15.51,same,80.99,80.99,same,2
s021883501_pass@1.py,wizardcoder,zero,15,19,increase,0,0,same,39.86,27.0,decrease,63.12,67.49,increase,63
s570268714_pass@5.py,wizardcoder,zero,14,9,decrease,0,0,same,39.86,27.0,decrease,64.58,68.49,increase,21
s739642733_pass@5.py,wizardcoder,zero,9,15,increase,0,0,same,15.51,27.0,increase,71.56,69.61,decrease,27
s797633534_pass@1.py,wizardcoder,zero,8,8,same,0,0,same,15.51,15.51,same,71.56,71.56,same,18
s116264666_pass@1.py,wizardcoder,zero,12,12,same,0,0,same,15.51,15.51,same,83.16,66.69,decrease,5
s308008730_pass@3.py,wizardcoder,zero,12,23,increase,0,4.0,increase,15.51,15.51,same,96.52,67.58,decrease,101
s733095895_pass@3.py,wizardcoder,zero,18,25,increase,0,0,same,57.06,57.06,same,62.86,62.86,same,6
s806369748_pass@5.py,wizardcoder,zero,32,10,decrease,2.5,3.0,increase,51.89,38.04,decrease,88.85,67.58,decrease,471
s934739140_pass@1.py,wizardcoder,zero,13,13,same,0,0,same,57.06,57.06,same,62.86,62.86,same,27
s985129517_pass@5.py,wizardcoder,zero,19,12,decrease,0,0,same,62.27,62.27,same,87.0,79.69,decrease,96
