filename,problem_id,passed,total,status,error_message
s082356343_pass@1.py,ITP1_10_A,0,8,Failed,"Traceback (most recent call last):
  File ""A:\LLMProject\repo\LLMRefactoring\virtual_judge\..\output\output_wizardcoder_few\p02379\s082356343\s082356343_pass@1.py"", line 2, in <module>
    d = math.hypot(x1 - x2, y1 - y2)
        ^^^^
NameError: name 'math' is not defined. Did you forget to import 'math'?"
s082356343_pass@3.py,ITP1_10_A,0,8,Failed,"Traceback (most recent call last):
  File ""A:\LLMProject\repo\LLMRefactoring\virtual_judge\..\output\output_wizardcoder_few\p02379\s082356343\s082356343_pass@3.py"", line 2, in <module>
    print(math.hypot(x1-x2, y1-y2))
          ^^^^
NameError: name 'math' is not defined. Did you forget to import 'math'?"
s082356343_pass@5.py,ITP1_10_A,0,8,Failed,"Traceback (most recent call last):
  File ""A:\LLMProject\repo\LLMRefactoring\virtual_judge\..\output\output_wizardcoder_few\p02379\s082356343\s082356343_pass@5.py"", line 2, in <module>
    print(math.hypot(x1 - x2, y1 - y2))
          ^^^^
NameError: name 'math' is not defined. Did you forget to import 'math'?"
s996953065_pass@1.py,ITP1_10_A,1,8,Failed,"Traceback (most recent call last):
  File ""A:\LLMProject\repo\LLMRefactoring\virtual_judge\..\output\output_wizardcoder_few\p02379\s996953065\s996953065_pass@1.py"", line 2, in <module>
    result = round((x2-x1)**2 + (y2-y1)**2 ** 0.5, 8)
             ^^^^^^^^^^^^^^^^^^^^^^^^^^^^^^^^^^^^^^^^
TypeError: type complex doesn't define __round__ method"
s996953065_pass@3.py,ITP1_10_A,8,8,Passed,
s996953065_pass@5.py,ITP1_10_A,0,8,Failed,"File ""A:\LLMProject\repo\LLMRefactoring\virtual_judge\..\output\output_wizardcoder_few\p02379\s996953065\s996953065_pass@5.py"", line 1
    ```python
    ^
SyntaxError: invalid syntax"
s725231104_pass@1.py,ITP1_10_B,0,4,Failed,"File ""A:\LLMProject\repo\LLMRefactoring\virtual_judge\..\output\output_wizardcoder_few\p02380\s725231104\s725231104_pass@1.py"", line 3
    print(""%f"" % (1/2 * a * b * math.sin(math.radians(C)))
          ^^^^^^^^^^^^^^^^^^^^^^^^^^^^^^^^^^^^^^^^^^^^^^^^
SyntaxError: invalid syntax. Perhaps you forgot a comma?"
s725231104_pass@3.py,ITP1_10_B,0,4,Failed,"File ""A:\LLMProject\repo\LLMRefactoring\virtual_judge\..\output\output_wizardcoder_few\p02380\s725231104\s725231104_pass@3.py"", line 1
    ```python
    ^
SyntaxError: invalid syntax"
s725231104_pass@5.py,ITP1_10_B,0,4,Failed,"File ""A:\LLMProject\repo\LLMRefactoring\virtual_judge\..\output\output_wizardcoder_few\p02380\s725231104\s725231104_pass@5.py"", line 1
    ```python
    ^
SyntaxError: invalid syntax"
s901218275_pass@1.py,ITP1_10_B,0,4,Failed,"File ""A:\LLMProject\repo\LLMRefactoring\virtual_judge\..\output\output_wizardcoder_few\p02380\s901218275\s901218275_pass@1.py"", line 2
    c = lambda a,b,C: math.sqrt(a**2 + b**2 - 2*a*b*math.cos(math.radians(C))
                                ^^^^^^^^^^^^^^^^^^^^^^^^^^^^^^^^^^^^^^^^^^^^^
SyntaxError: invalid syntax. Perhaps you forgot a comma?"
s901218275_pass@3.py,ITP1_10_B,4,4,Passed,
s901218275_pass@5.py,ITP1_10_B,0,4,Failed,"Traceback (most recent call last):
  File ""A:\LLMProject\repo\LLMRefactoring\virtual_judge\..\output\output_wizardcoder_few\p02380\s901218275\s901218275_pass@5.py"", line 2, in <module>
    S = (1/2) * a * b * math.sin(math.radians(C))
                        ^^^^
NameError: name 'math' is not defined. Did you forget to import 'math'?"
s010390929_pass@1.py,ITP1_10_C,0,4,Failed,"File ""A:\LLMProject\repo\LLMRefactoring\virtual_judge\..\output\output_wizardcoder_few\p02381\s010390929\s010390929_pass@1.py"", line 1
    The original code is already quite concise and readable, but here's a refactored version with fewer lines:
                                                                     ^
SyntaxError: unterminated string literal (detected at line 1)"
s010390929_pass@3.py,ITP1_10_C,0,4,Failed,"File ""A:\LLMProject\repo\LLMRefactoring\virtual_judge\..\output\output_wizardcoder_few\p02381\s010390929\s010390929_pass@3.py"", line 1
    ```python
    ^
SyntaxError: invalid syntax"
s010390929_pass@5.py,ITP1_10_C,0,4,Failed,"File ""A:\LLMProject\repo\LLMRefactoring\virtual_judge\..\output\output_wizardcoder_few\p02381\s010390929\s010390929_pass@5.py"", line 1
    ```python
    ^
SyntaxError: invalid syntax"
s142516772_pass@1.py,ITP1_10_C,0,4,Failed,"File ""A:\LLMProject\repo\LLMRefactoring\virtual_judge\..\output\output_wizardcoder_few\p02381\s142516772\s142516772_pass@1.py"", line 1
    ```python
    ^
SyntaxError: invalid syntax"
s142516772_pass@3.py,ITP1_10_C,0,4,Failed,"Traceback (most recent call last):
  File ""A:\LLMProject\repo\LLMRefactoring\virtual_judge\..\output\output_wizardcoder_few\p02381\s142516772\s142516772_pass@3.py"", line 5, in <module>
    print((sum([(i - average) ** 2 for i in a]) / (len(a)-1)) ** 0.5)
           ~~~~~~~~~~~~~~~~~~~~~~~~~~~~~~~~~~~~~^~~~~~~~~~~~
ZeroDivisionError: float division by zero"
s142516772_pass@5.py,ITP1_10_C,0,4,Failed,
s011154230_pass@1.py,ITP1_10_D,0,14,Failed,"File ""A:\LLMProject\repo\LLMRefactoring\virtual_judge\..\output\output_wizardcoder_few\p02382\s011154230\s011154230_pass@1.py"", line 8
    print(""{:.6f}"".format(dist(A, B, 2))
          ^^^^^^^^^^^^^^^^^^^^^^^^^^^^^^
SyntaxError: invalid syntax. Perhaps you forgot a comma?"
s011154230_pass@3.py,ITP1_10_D,0,14,Failed,"File ""A:\LLMProject\repo\LLMRefactoring\virtual_judge\..\output\output_wizardcoder_few\p02382\s011154230\s011154230_pass@3.py"", line 1
    ```python
    ^
SyntaxError: invalid syntax"
s011154230_pass@5.py,ITP1_10_D,0,14,Failed,"File ""A:\LLMProject\repo\LLMRefactoring\virtual_judge\..\output\output_wizardcoder_few\p02382\s011154230\s011154230_pass@5.py"", line 1
    ```python
    ^
SyntaxError: invalid syntax"
s625777569_pass@1.py,ITP1_10_D,0,14,Failed,"File ""A:\LLMProject\repo\LLMRefactoring\virtual_judge\..\output\output_wizardcoder_few\p02382\s625777569\s625777569_pass@1.py"", line 10
    def manhattan_distance_3d(x1, y1, z1, x2, y2, z2):
    ^^^
SyntaxError: invalid syntax"
s625777569_pass@3.py,ITP1_10_D,0,14,Failed,"File ""A:\LLMProject\repo\LLMRefactoring\virtual_judge\..\output\output_wizardcoder_few\p02382\s625777569\s625777569_pass@3.py"", line 1
    ```python
    ^
SyntaxError: invalid syntax"
s625777569_pass@5.py,ITP1_10_D,0,14,Failed,"File ""A:\LLMProject\repo\LLMRefactoring\virtual_judge\..\output\output_wizardcoder_few\p02382\s625777569\s625777569_pass@5.py"", line 1
    ```python
    ^
SyntaxError: invalid syntax"
s396380319_pass@1.py,ITP1_11_A,0,14,Failed,"Traceback (most recent call last):
  File ""A:\LLMProject\repo\LLMRefactoring\virtual_judge\..\output\output_wizardcoder_few\p02383\s396380319\s396380319_pass@1.py"", line 7, in <module>
    dice[j] = refactored_dice[[""NESW"".index(move[i])]-1]
                              ~~~~~~~~~~~~~~~~~~~~~~~^~
TypeError: unsupported operand type(s) for -: 'list' and 'int'"
s396380319_pass@3.py,ITP1_11_A,0,14,Failed,"File ""A:\LLMProject\repo\LLMRefactoring\virtual_judge\..\output\output_wizardcoder_few\p02383\s396380319\s396380319_pass@3.py"", line 26
    dire = {""N"": (2,6,3,4,1,""S"":(5,1,3,4,6),""E"":(4,2,1,6),""W"":(3,2,6,1)} # Refactored code with less lines and improved readability
                               ^
SyntaxError: invalid syntax"
s396380319_pass@5.py,ITP1_11_A,0,14,Failed,"File ""A:\LLMProject\repo\LLMRefactoring\virtual_judge\..\output\output_wizardcoder_few\p02383\s396380319\s396380319_pass@5.py"", line 7
    dire = {""N"": [2,6,3,4,1,5,""S"":[5,1,3,4,6,2], ""E"":[4,2,1,6,5,3],""W"":[3,2,6,1,5,4]}
                                                                                    ^
SyntaxError: closing parenthesis '}' does not match opening parenthesis '['"
s543580433_pass@1.py,ITP1_11_A,0,14,Failed,"File ""A:\LLMProject\repo\LLMRefactoring\virtual_judge\..\output\output_wizardcoder_few\p02383\s543580433\s543580433_pass@1.py"", line 1
    ```python
    ^
SyntaxError: invalid syntax"
s543580433_pass@3.py,ITP1_11_A,0,14,Failed,"File ""A:\LLMProject\repo\LLMRefactoring\virtual_judge\..\output\output_wizardcoder_few\p02383\s543580433\s543580433_pass@3.py"", line 15
    print(""{}"".format(values[lon[0]))
                                   ^
SyntaxError: closing parenthesis ')' does not match opening parenthesis '['"
s543580433_pass@5.py,ITP1_11_A,0,14,Failed,"File ""A:\LLMProject\repo\LLMRefactoring\virtual_judge\..\output\output_wizardcoder_few\p02383\s543580433\s543580433_pass@5.py"", line 1
    ```python
    ^
SyntaxError: invalid syntax"
s650026017_pass@1.py,ITP1_11_B,0,3,Failed,"File ""A:\LLMProject\repo\LLMRefactoring\virtual_judge\..\output\output_wizardcoder_few\p02384\s650026017\s650026017_pass@1.py"", line 1
    ```python
    ^
SyntaxError: invalid syntax"
s650026017_pass@3.py,ITP1_11_B,0,3,Failed,"Traceback (most recent call last):
  File ""A:\LLMProject\repo\LLMRefactoring\virtual_judge\..\output\output_wizardcoder_few\p02384\s650026017\s650026017_pass@3.py"", line 57, in <module>
    a, b, c, d, e = map(int, input().split())
    ^^^^^^^^^^^^^
ValueError: too many values to unpack (expected 5)"
s650026017_pass@5.py,ITP1_11_B,0,3,Failed,"File ""A:\LLMProject\repo\LLMRefactoring\virtual_judge\..\output\output_wizardcoder_few\p02384\s650026017\s650026017_pass@5.py"", line 1
    ```python
    ^
SyntaxError: invalid syntax"
s661652946_pass@1.py,ITP1_11_B,0,3,Failed,"File ""A:\LLMProject\repo\LLMRefactoring\virtual_judge\..\output\output_wizardcoder_few\p02384\s661652946\s661652946_pass@1.py"", line 1
    ```python
    ^
SyntaxError: invalid syntax"
s661652946_pass@3.py,ITP1_11_B,0,3,Failed,"Traceback (most recent call last):
  File ""A:\LLMProject\repo\LLMRefactoring\virtual_judge\..\output\output_wizardcoder_few\p02384\s661652946\s661652946_pass@3.py"", line 153, in <module>
    dice = Dice(int(n[0]), int(n[1]), int(n[2]), int(n[3]))
           ^^^^^^^^^^^^^^^^^^^^^^^^^^^^^^^^^^^^^^^^^^^^^^^^
TypeError: Dice.__init__() missing 1 required positional argument: 'north'"
s661652946_pass@5.py,ITP1_11_B,0,3,Failed,"File ""A:\LLMProject\repo\LLMRefactoring\virtual_judge\..\output\output_wizardcoder_few\p02384\s661652946\s661652946_pass@5.py"", line 70
    dice.getTop(int(buf[0])
               ^
SyntaxError: '(' was never closed"
s095287762_pass@1.py,ITP1_11_C,0,35,Failed,"File ""A:\LLMProject\repo\LLMRefactoring\virtual_judge\..\output\output_wizardcoder_few\p02385\s095287762\s095287762_pass@1.py"", line 1
    ```python
    ^
SyntaxError: invalid syntax"
s095287762_pass@3.py,ITP1_11_C,0,35,Failed,"Traceback (most recent call last):
  File ""A:\LLMProject\repo\LLMRefactoring\virtual_judge\..\output\output_wizardcoder_few\p02385\s095287762\s095287762_pass@3.py"", line 19, in <module>
    ans = dice1.is_same(dice2)
          ^^^^^^^^^^^^^^^^^^^^
  File ""A:\LLMProject\repo\LLMRefactoring\virtual_judge\..\output\output_wizardcoder_few\p02385\s095287762\s095287762_pass@3.py"", line 11, in is_same
    example_faces[int(i) - 1] = self.faces[j]
    ~~~~~~~~~~~~~^^^^^^^^^^^^
IndexError: list assignment index out of range"
s095287762_pass@5.py,ITP1_11_C,0,35,Failed,"File ""A:\LLMProject\repo\LLMRefactoring\virtual_judge\..\output\output_wizardcoder_few\p02385\s095287762\s095287762_pass@5.py"", line 1
    ```python
    ^
SyntaxError: invalid syntax"
s784239905_pass@1.py,ITP1_11_C,0,35,Failed,"File ""A:\LLMProject\repo\LLMRefactoring\virtual_judge\..\output\output_wizardcoder_few\p02385\s784239905\s784239905_pass@1.py"", line 63
    if all(dice1.numbers[i] == dice2.numbers[i] for i in range(1,6)) or any(Dice(list(map(lambda x: (x-dice2.get_top()) % 6, dice1.numbers))):
                                                                                                                                             ^
SyntaxError: invalid syntax"
s784239905_pass@3.py,ITP1_11_C,0,35,Failed,"File ""A:\LLMProject\repo\LLMRefactoring\virtual_judge\..\output\output_wizardcoder_few\p02385\s784239905\s784239905_pass@3.py"", line 1
    Here's a refactored version of the original code:
        ^
SyntaxError: unterminated string literal (detected at line 1)"
s784239905_pass@5.py,ITP1_11_C,0,35,Failed,"File ""A:\LLMProject\repo\LLMRefactoring\virtual_judge\..\output\output_wizardcoder_few\p02385\s784239905\s784239905_pass@5.py"", line 11
    self.horizontal = [self.numbers[4], self.numbers[1], self.numbers[3], self.numbers[6]
                      ^
SyntaxError: '[' was never closed"
s354294286_pass@1.py,ITP1_11_D,0,20,Failed,"File ""A:\LLMProject\repo\LLMRefactoring\virtual_judge\..\output\output_wizardcoder_few\p02386\s354294286\s354294286_pass@1.py"", line 1
    ```python
            ^
SyntaxError: invalid syntax"
s354294286_pass@3.py,ITP1_11_D,0,20,Failed,"File ""A:\LLMProject\repo\LLMRefactoring\virtual_judge\..\output\output_wizardcoder_few\p02386\s354294286\s354294286_pass@3.py"", line 1
    The original code has a few issues that need to be addressed in order for it to run correctly. Firstly, the given input is not consistent with the class definition of Dice, so the first input is being assigned to the wrong attribute (dice.a[n] should be dice.direction). Secondly, the program assumes that the two inputs after the initial one are integers, but they may contain letters as well. So I have modified the code below to use the string input as expected and added some comments to explain what is going on:
        ^^^^^^^^
SyntaxError: invalid syntax"
s354294286_pass@5.py,ITP1_11_D,0,20,Failed,"File ""A:\LLMProject\repo\LLMRefactoring\virtual_judge\..\output\output_wizardcoder_few\p02386\s354294286\s354294286_pass@5.py"", line 1
    ```python
    ^
SyntaxError: invalid syntax"
s998928721_pass@1.py,ITP1_11_D,0,20,Failed,"Traceback (most recent call last):
  File ""A:\LLMProject\repo\LLMRefactoring\virtual_judge\..\output\output_wizardcoder_few\p02386\s998928721\s998928721_pass@1.py"", line 33, in <module>
    for c in combinations(dices[:n], 2):
                          ^^^^^
NameError: name 'dices' is not defined. Did you mean: 'dice'?"
s998928721_pass@3.py,ITP1_11_D,0,20,Failed,"File ""A:\LLMProject\repo\LLMRefactoring\virtual_judge\..\output\output_wizardcoder_few\p02386\s998928721\s998928721_pass@3.py"", line 1
    ```python
    ^
SyntaxError: invalid syntax"
s998928721_pass@5.py,ITP1_11_D,0,20,Failed,"File ""A:\LLMProject\repo\LLMRefactoring\virtual_judge\..\output\output_wizardcoder_few\p02386\s998928721\s998928721_pass@5.py"", line 38
    dice = Dice([int(i) for i in input().split()]
               ^
SyntaxError: '(' was never closed"
s512922599_pass@1.py,ITP1_1_B,4,4,Passed,
s512922599_pass@3.py,ITP1_1_B,4,4,Passed,
s512922599_pass@5.py,ITP1_1_B,0,4,Failed,"File ""A:\LLMProject\repo\LLMRefactoring\virtual_judge\..\output\output_wizardcoder_few\p02388\s512922599\s512922599_pass@5.py"", line 1
    ```python
    ^
SyntaxError: invalid syntax"
s948994129_pass@1.py,ITP1_1_B,4,4,Passed,
s948994129_pass@3.py,ITP1_1_B,0,4,Failed,
s948994129_pass@5.py,ITP1_1_B,0,4,Failed,"File ""A:\LLMProject\repo\LLMRefactoring\virtual_judge\..\output\output_wizardcoder_few\p02388\s948994129\s948994129_pass@5.py"", line 4
    Example 4:
            ^
SyntaxError: invalid syntax"
s006670201_pass@1.py,ITP1_1_C,0,2,Failed,"File ""A:\LLMProject\repo\LLMRefactoring\virtual_judge\..\output\output_wizardcoder_few\p02389\s006670201\s006670201_pass@1.py"", line 1
    The refactored version of the code would be:
                 ^
SyntaxError: invalid syntax"
s006670201_pass@3.py,ITP1_1_C,0,2,Failed,"Traceback (most recent call last):
  File ""A:\LLMProject\repo\LLMRefactoring\virtual_judge\..\output\output_wizardcoder_few\p02389\s006670201\s006670201_pass@3.py"", line 2, in <module>
    x1, y1, x2, y2 = map(float, input().split())
    ^^^^^^^^^^^^^^
ValueError: not enough values to unpack (expected 4, got 2)"
s006670201_pass@5.py,ITP1_1_C,0,2,Failed,"File ""A:\LLMProject\repo\LLMRefactoring\virtual_judge\..\output\output_wizardcoder_few\p02389\s006670201\s006670201_pass@5.py"", line 1
    ```python
    ^
SyntaxError: invalid syntax"
s342764925_pass@1.py,ITP1_1_C,0,2,Failed,"File ""A:\LLMProject\repo\LLMRefactoring\virtual_judge\..\output\output_wizardcoder_few\p02389\s342764925\s342764925_pass@1.py"", line 3
    print((a * b), (2 * (a + b))
         ^
SyntaxError: '(' was never closed"
s342764925_pass@3.py,ITP1_1_C,0,2,Failed,"File ""A:\LLMProject\repo\LLMRefactoring\virtual_judge\..\output\output_wizardcoder_few\p02389\s342764925\s342764925_pass@3.py"", line 2
    print(int(a) * int(b), 2*(int(a)+int(b)) if 1<=int(a)<=100 and 1<=int(b)<=100 else None
         ^
SyntaxError: '(' was never closed"
s342764925_pass@5.py,ITP1_1_C,0,2,Failed,"File ""A:\LLMProject\repo\LLMRefactoring\virtual_judge\..\output\output_wizardcoder_few\p02389\s342764925\s342764925_pass@5.py"", line 2
    if all(1 <= i <= 100 for i in (a,b): print(f'{a * b} {2*(a+b)}')
                                       ^
SyntaxError: invalid syntax"
s435912433_pass@1.py,ITP1_1_D,0,10,Failed,"File ""A:\LLMProject\repo\LLMRefactoring\virtual_judge\..\output\output_wizardcoder_few\p02390\s435912433\s435912433_pass@1.py"", line 1
    ```python
    ^
SyntaxError: invalid syntax"
s435912433_pass@3.py,ITP1_1_D,0,10,Failed,
s435912433_pass@5.py,ITP1_1_D,0,10,Failed,"Traceback (most recent call last):
  File ""A:\LLMProject\repo\LLMRefactoring\virtual_judge\..\output\output_wizardcoder_few\p02390\s435912433\s435912433_pass@5.py"", line 2, in <module>
    h, m, s = a // 3600, (a % 3600) // 60, a - (h * 3600 - m * 60)
                                                ^
NameError: name 'h' is not defined"
s838037566_pass@1.py,ITP1_1_D,0,10,Failed,
s838037566_pass@3.py,ITP1_1_D,0,10,Failed,"File ""A:\LLMProject\repo\LLMRefactoring\virtual_judge\..\output\output_wizardcoder_few\p02390\s838037566\s838037566_pass@3.py"", line 4
    Example:
            ^
SyntaxError: invalid syntax"
s838037566_pass@5.py,ITP1_1_D,0,10,Failed,"Traceback (most recent call last):
  File ""A:\LLMProject\repo\LLMRefactoring\virtual_judge\..\output\output_wizardcoder_few\p02390\s838037566\s838037566_pass@5.py"", line 2, in <module>
    h, m, s = divmod(S, 360)
    ^^^^^^^
ValueError: not enough values to unpack (expected 3, got 2)"
s258130823_pass@1.py,ITP1_2_A,0,4,Failed,"File ""A:\LLMProject\repo\LLMRefactoring\virtual_judge\..\output\output_wizardcoder_few\p02391\s258130823\s258130823_pass@1.py"", line 1
    ```python
    ^
SyntaxError: invalid syntax"
s258130823_pass@3.py,ITP1_2_A,0,4,Failed,"File ""A:\LLMProject\repo\LLMRefactoring\virtual_judge\..\output\output_wizardcoder_few\p02391\s258130823\s258130823_pass@3.py"", line 1
    ```python
    ^
SyntaxError: invalid syntax"
s258130823_pass@5.py,ITP1_2_A,0,4,Failed,"File ""A:\LLMProject\repo\LLMRefactoring\virtual_judge\..\output\output_wizardcoder_few\p02391\s258130823\s258130823_pass@5.py"", line 1
    Refactored version:
               ^^^^^^^
SyntaxError: invalid syntax"
s859035826_pass@1.py,ITP1_2_A,4,4,Passed,
s859035826_pass@3.py,ITP1_2_A,4,4,Passed,
s859035826_pass@5.py,ITP1_2_A,0,4,Failed,"File ""A:\LLMProject\repo\LLMRefactoring\virtual_judge\..\output\output_wizardcoder_few\p02391\s859035826\s859035826_pass@5.py"", line 1
    ```python
    ^
SyntaxError: invalid syntax"
s255090983_pass@1.py,ITP1_2_B,5,5,Passed,
s255090983_pass@3.py,ITP1_2_B,5,5,Passed,
s255090983_pass@5.py,ITP1_2_B,5,5,Passed,
s413915184_pass@1.py,ITP1_2_B,0,5,Failed,"File ""A:\LLMProject\repo\LLMRefactoring\virtual_judge\..\output\output_wizardcoder_few\p02392\s413915184\s413915184_pass@1.py"", line 2
    if a<b<c : print('Yes') else print('No')
                            ^^^^
SyntaxError: invalid syntax"
s413915184_pass@3.py,ITP1_2_B,0,5,Failed,"File ""A:\LLMProject\repo\LLMRefactoring\virtual_judge\..\output\output_wizardcoder_few\p02392\s413915184\s413915184_pass@3.py"", line 1
    Here's a refactored version of the program that is shorter, cleaner, and more readable than the original:
        ^
SyntaxError: unterminated string literal (detected at line 1)"
s413915184_pass@5.py,ITP1_2_B,0,5,Failed,"File ""A:\LLMProject\repo\LLMRefactoring\virtual_judge\..\output\output_wizardcoder_few\p02392\s413915184\s413915184_pass@5.py"", line 1
    ```python
    ^
SyntaxError: invalid syntax"
s004821086_pass@1.py,ITP1_2_C,0,5,Failed,"File ""A:\LLMProject\repo\LLMRefactoring\virtual_judge\..\output\output_wizardcoder_few\p02393\s004821086\s004821086_pass@1.py"", line 2
    print(*sorted([a,b,c])
         ^
SyntaxError: '(' was never closed"
s004821086_pass@3.py,ITP1_2_C,0,5,Failed,"File ""A:\LLMProject\repo\LLMRefactoring\virtual_judge\..\output\output_wizardcoder_few\p02393\s004821086\s004821086_pass@3.py"", line 1
    ```python
    ^
SyntaxError: invalid syntax"
s004821086_pass@5.py,ITP1_2_C,5,5,Passed,
s127780162_pass@1.py,ITP1_2_C,5,5,Passed,
s127780162_pass@3.py,ITP1_2_C,0,5,Failed,"File ""A:\LLMProject\repo\LLMRefactoring\virtual_judge\..\output\output_wizardcoder_few\p02393\s127780162\s127780162_pass@3.py"", line 1
    ```python
    ^
SyntaxError: invalid syntax"
s127780162_pass@5.py,ITP1_2_C,0,5,Failed,"File ""A:\LLMProject\repo\LLMRefactoring\virtual_judge\..\output\output_wizardcoder_few\p02393\s127780162\s127780162_pass@5.py"", line 1
    ```python
    ^
SyntaxError: invalid syntax"
s693269647_pass@1.py,ITP1_2_D,0,25,Failed,"File ""A:\LLMProject\repo\LLMRefactoring\virtual_judge\..\output\output_wizardcoder_few\p02394\s693269647\s693269647_pass@1.py"", line 5
    print('Yes' if inRect(*map(int, input().split()) else 'No')
          ^^^^^^^^^^^^^^^
SyntaxError: expected 'else' after 'if' expression"
s693269647_pass@3.py,ITP1_2_D,10,25,Failed,
s693269647_pass@5.py,ITP1_2_D,0,25,Failed,"File ""A:\LLMProject\repo\LLMRefactoring\virtual_judge\..\output\output_wizardcoder_few\p02394\s693269647\s693269647_pass@5.py"", line 1
    ```python
    ^
SyntaxError: invalid syntax"
s908439862_pass@1.py,ITP1_2_D,25,25,Passed,
s908439862_pass@3.py,ITP1_2_D,0,25,Failed,
s908439862_pass@5.py,ITP1_2_D,0,25,Failed,"Traceback (most recent call last):
  File ""A:\LLMProject\repo\LLMRefactoring\virtual_judge\..\output\output_wizardcoder_few\p02394\s908439862\s908439862_pass@5.py"", line 1, in <module>
    x,y,r = map(float, input().split())
    ^^^^^
ValueError: too many values to unpack (expected 3)"
s993872842_pass@1.py,ITP1_3_B,0,1,Failed,"File ""A:\LLMProject\repo\LLMRefactoring\virtual_judge\..\output\output_wizardcoder_few\p02396\s993872842\s993872842_pass@1.py"", line 11
    print(""Case {}: {}"".format(counter, x)
          ^^^^^^^^^^^^^^^^^^^^^^^^^^^^^^^^
SyntaxError: invalid syntax. Perhaps you forgot a comma?"
s993872842_pass@3.py,ITP1_3_B,0,1,Failed,"File ""A:\LLMProject\repo\LLMRefactoring\virtual_judge\..\output\output_wizardcoder_few\p02396\s993872842\s993872842_pass@3.py"", line 6
    print(""Case {}: {}"".format(counter, x)
          ^^^^^^^^^^^^^^^^^^^^^^^^^^^^^^^^
SyntaxError: invalid syntax. Perhaps you forgot a comma?"
s993872842_pass@5.py,ITP1_3_B,0,1,Failed,"File ""A:\LLMProject\repo\LLMRefactoring\virtual_judge\..\output\output_wizardcoder_few\p02396\s993872842\s993872842_pass@5.py"", line 11
    print(""Case {}: {}"".format(counter, x)
         ^
SyntaxError: '(' was never closed"
s996883089_pass@1.py,ITP1_3_B,0,1,Failed,"Traceback (most recent call last):
  File ""A:\LLMProject\repo\LLMRefactoring\virtual_judge\..\output\output_wizardcoder_few\p02396\s996883089\s996883089_pass@1.py"", line 29, in <module>
    x = int(input())
            ^^^^^^^
EOFError: EOF when reading a line"
s996883089_pass@3.py,ITP1_3_B,1,1,Passed,
s996883089_pass@5.py,ITP1_3_B,1,1,Passed,
s006645469_pass@1.py,ITP1_3_C,0,1,Failed,"File ""A:\LLMProject\repo\LLMRefactoring\virtual_judge\..\output\output_wizardcoder_few\p02397\s006645469\s006645469_pass@1.py"", line 1
    The original program is already quite clean, concise, and easy to understand, so there's not much that can be done for refactoring it. However, I will provide you with the refactored version anyway, just in case you want to make any further modifications later:
                                                                                          ^
SyntaxError: unterminated string literal (detected at line 1)"
s006645469_pass@3.py,ITP1_3_C,0,1,Failed,"File ""A:\LLMProject\repo\LLMRefactoring\virtual_judge\..\output\output_wizardcoder_few\p02397\s006645469\s006645469_pass@3.py"", line 4
    print(*sorted(map(int,a.split()))
         ^
SyntaxError: '(' was never closed"
s006645469_pass@5.py,ITP1_3_C,0,1,Failed,"Traceback (most recent call last):
  File ""A:\LLMProject\repo\LLMRefactoring\virtual_judge\..\output\output_wizardcoder_few\p02397\s006645469\s006645469_pass@5.py"", line 1, in <module>
    n = int(input())
        ^^^^^^^^^^^^
ValueError: invalid literal for int() with base 10: '0 1'"
s541731237_pass@1.py,ITP1_3_C,0,1,Failed,"File ""A:\LLMProject\repo\LLMRefactoring\virtual_judge\..\output\output_wizardcoder_few\p02397\s541731237\s541731237_pass@1.py"", line 1
    Here's a refactored version of the code you provided:
        ^
SyntaxError: unterminated string literal (detected at line 1)"
s541731237_pass@3.py,ITP1_3_C,1,1,Passed,
s541731237_pass@5.py,ITP1_3_C,0,1,Failed,"File ""A:\LLMProject\repo\LLMRefactoring\virtual_judge\..\output\output_wizardcoder_few\p02397\s541731237\s541731237_pass@5.py"", line 9
    Refactored version:
               ^^^^^^^
SyntaxError: invalid syntax"
s096048309_pass@1.py,ITP1_3_D,2,20,Failed,
s096048309_pass@3.py,ITP1_3_D,0,20,Failed,"File ""A:\LLMProject\repo\LLMRefactoring\virtual_judge\..\output\output_wizardcoder_few\p02398\s096048309\s096048309_pass@3.py"", line 2
    print((c//2) + (b*(c-1)) - ((a-1)*(c//2) if a > 1 else 0)
         ^
SyntaxError: '(' was never closed"
s096048309_pass@5.py,ITP1_3_D,0,20,Failed,"Traceback (most recent call last):
  File ""A:\LLMProject\repo\LLMRefactoring\virtual_judge\..\output\output_wizardcoder_few\p02398\s096048309\s096048309_pass@5.py"", line 2, in <module>
    sum(i % j == 0 for i in range(a, b + 1) if (c % j) == 0)
  File ""A:\LLMProject\repo\LLMRefactoring\virtual_judge\..\output\output_wizardcoder_few\p02398\s096048309\s096048309_pass@5.py"", line 2, in <genexpr>
    sum(i % j == 0 for i in range(a, b + 1) if (c % j) == 0)
                                                    ^
NameError: name 'j' is not defined"
s764158731_pass@1.py,ITP1_3_D,0,20,Failed,"Traceback (most recent call last):
  File ""A:\LLMProject\repo\LLMRefactoring\virtual_judge\..\output\output_wizardcoder_few\p02398\s764158731\s764158731_pass@1.py"", line 2, in <module>
    count = sum((i % 10000 >= 1 and i % 1 <= 10000) for i in range(1, max(b+1)) if (c % i == 0))
                                                                      ^^^^^^^^
TypeError: 'int' object is not iterable"
s764158731_pass@3.py,ITP1_3_D,0,20,Failed,
s764158731_pass@5.py,ITP1_3_D,0,20,Failed,"File ""A:\LLMProject\repo\LLMRefactoring\virtual_judge\..\output\output_wizardcoder_few\p02398\s764158731\s764158731_pass@5.py"", line 1
    Refactored Version:
               ^^^^^^^
SyntaxError: invalid syntax"
s044588462_pass@1.py,ITP1_4_A,0,10,Failed,"Traceback (most recent call last):
  File ""A:\LLMProject\repo\LLMRefactoring\virtual_judge\..\output\output_wizardcoder_few\p02399\s044588462\s044588462_pass@1.py"", line 2, in <module>
    print(*map(str,[a//b, a%b, a/b], sep=' '))
           ^^^^^^^^^^^^^^^^^^^^^^^^^^^^^^^^^^
TypeError: map() takes no keyword arguments"
s044588462_pass@3.py,ITP1_4_A,0,10,Failed,"File ""A:\LLMProject\repo\LLMRefactoring\virtual_judge\..\output\output_wizardcoder_few\p02399\s044588462\s044588462_pass@3.py"", line 1
    ```python
    ^
SyntaxError: invalid syntax"
s044588462_pass@5.py,ITP1_4_A,0,10,Failed,"File ""A:\LLMProject\repo\LLMRefactoring\virtual_judge\..\output\output_wizardcoder_few\p02399\s044588462\s044588462_pass@5.py"", line 4
    b_list = [list(map(int, input().split()) for _ in range(m)]
                                                              ^
SyntaxError: closing parenthesis ']' does not match opening parenthesis '('"
s097035551_pass@1.py,ITP1_4_A,0,10,Failed,"File ""A:\LLMProject\repo\LLMRefactoring\virtual_judge\..\output\output_wizardcoder_few\p02399\s097035551\s097035551_pass@1.py"", line 1
    ```python
    ^
SyntaxError: invalid syntax"
s097035551_pass@3.py,ITP1_4_A,0,10,Failed,"File ""A:\LLMProject\repo\LLMRefactoring\virtual_judge\..\output\output_wizardcoder_few\p02399\s097035551\s097035551_pass@3.py"", line 4
    print(float(a)/b
         ^
SyntaxError: '(' was never closed"
s097035551_pass@5.py,ITP1_4_A,0,10,Failed,"File ""A:\LLMProject\repo\LLMRefactoring\virtual_judge\..\output\output_wizardcoder_few\p02399\s097035551\s097035551_pass@5.py"", line 4
    print(float(a)/b
         ^
SyntaxError: '(' was never closed"
s501232072_pass@1.py,ITP1_4_B,0,5,Failed,"Traceback (most recent call last):
  File ""A:\LLMProject\repo\LLMRefactoring\virtual_judge\..\output\output_wizardcoder_few\p02400\s501232072\s501232072_pass@1.py"", line 6, in <module>
    main()
  File ""A:\LLMProject\repo\LLMRefactoring\virtual_judge\..\output\output_wizardcoder_few\p02400\s501232072\s501232072_pass@1.py"", line 3, in main
    print(round(math.pi * r**2, 6), round(math.pi * 2 * r, 6))
                ^^^^
NameError: name 'math' is not defined. Did you forget to import 'math'?"
s501232072_pass@3.py,ITP1_4_B,0,5,Failed,"File ""A:\LLMProject\repo\LLMRefactoring\virtual_judge\..\output\output_wizardcoder_few\p02400\s501232072\s501232072_pass@3.py"", line 1
    ```python
    ^
SyntaxError: invalid syntax"
s501232072_pass@5.py,ITP1_4_B,0,5,Failed,"File ""A:\LLMProject\repo\LLMRefactoring\virtual_judge\..\output\output_wizardcoder_few\p02400\s501232072\s501232072_pass@5.py"", line 1
    ```python
    ^
SyntaxError: invalid syntax"
s789703302_pass@1.py,ITP1_4_B,0,5,Failed,"Traceback (most recent call last):
  File ""A:\LLMProject\repo\LLMRefactoring\virtual_judge\..\output\output_wizardcoder_few\p02400\s789703302\s789703302_pass@1.py"", line 2, in <module>
    print(f""{math.pi * float(input().rstrip()) ** 2:.10g} {2 * math.pi * float(input().rstrip()):.10g}"")
                                                                               ^^^^^^^
EOFError: EOF when reading a line"
s789703302_pass@3.py,ITP1_4_B,0,5,Failed,"File ""A:\LLMProject\repo\LLMRefactoring\virtual_judge\..\output\output_wizardcoder_few\p02400\s789703302\s789703302_pass@3.py"", line 6
    The refactored version of this program is provided in a single line with the use of string formatting to reduce the number of lines and improve its readability. The code will still perform the same function as the original program, but it's now more concise and easier to understand what it does.
                                                                                                                                                                                                                                                  ^
SyntaxError: unterminated string literal (detected at line 6)"
s789703302_pass@5.py,ITP1_4_B,5,5,Passed,
s083799619_pass@1.py,ITP1_4_C,0,5,Failed,
s083799619_pass@3.py,ITP1_4_C,0,5,Failed,"File ""A:\LLMProject\repo\LLMRefactoring\virtual_judge\..\output\output_wizardcoder_few\p02401\s083799619\s083799619_pass@3.py"", line 1
    ```python
    ^
SyntaxError: invalid syntax"
s083799619_pass@5.py,ITP1_4_C,0,5,Failed,"File ""A:\LLMProject\repo\LLMRefactoring\virtual_judge\..\output\output_wizardcoder_few\p02401\s083799619\s083799619_pass@5.py"", line 1
    ```python
    ^
SyntaxError: invalid syntax"
s644599577_pass@1.py,ITP1_4_C,0,5,Failed,"File ""A:\LLMProject\repo\LLMRefactoring\virtual_judge\..\output\output_wizardcoder_few\p02401\s644599577\s644599577_pass@1.py"", line 1
    ```python
    ^
SyntaxError: invalid syntax"
s644599577_pass@3.py,ITP1_4_C,0,5,Failed,"File ""A:\LLMProject\repo\LLMRefactoring\virtual_judge\..\output\output_wizardcoder_few\p02401\s644599577\s644599577_pass@3.py"", line 1
    ```python
    ^
SyntaxError: invalid syntax"
s644599577_pass@5.py,ITP1_4_C,0,5,Failed,"Traceback (most recent call last):
  File ""A:\LLMProject\repo\LLMRefactoring\virtual_judge\..\output\output_wizardcoder_few\p02401\s644599577\s644599577_pass@5.py"", line 29, in <module>
    operator_calculator()
  File ""A:\LLMProject\repo\LLMRefactoring\virtual_judge\..\output\output_wizardcoder_few\p02401\s644599577\s644599577_pass@5.py"", line 3, in operator_calculator
    for _ in range(int(input())):
                   ^^^^^^^^^^^^
ValueError: invalid literal for int() with base 10: '1 + 2'"
s490085492_pass@1.py,ITP1_4_D,0,20,Failed,"File ""A:\LLMProject\repo\LLMRefactoring\virtual_judge\..\output\output_wizardcoder_few\p02402\s490085492\s490085492_pass@1.py"", line 1
    ```python
    ^
SyntaxError: invalid syntax"
s490085492_pass@3.py,ITP1_4_D,0,20,Failed,"File ""A:\LLMProject\repo\LLMRefactoring\virtual_judge\..\output\output_wizardcoder_few\p02402\s490085492\s490085492_pass@3.py"", line 1
    Refactored Code:
               ^^^^
SyntaxError: invalid syntax"
s490085492_pass@5.py,ITP1_4_D,0,20,Failed,
s589457088_pass@1.py,ITP1_4_D,20,20,Passed,
s589457088_pass@3.py,ITP1_4_D,0,20,Failed,"Traceback (most recent call last):
  File ""A:\LLMProject\repo\LLMRefactoring\virtual_judge\..\output\output_wizardcoder_few\p02402\s589457088\s589457088_pass@3.py"", line 6, in <module>
    print(""{} {} {} {}"".format(m, b, s))
          ^^^^^^^^^^^^^^^^^^^^^^^^^^^^^
IndexError: Replacement index 3 out of range for positional args tuple"
s589457088_pass@5.py,ITP1_4_D,0,20,Failed,"File ""A:\LLMProject\repo\LLMRefactoring\virtual_judge\..\output\output_wizardcoder_few\p02402\s589457088\s589457088_pass@5.py"", line 8
    Refactored version:
               ^^^^^^^
SyntaxError: invalid syntax"
s069952946_pass@1.py,ITP1_5_A,0,4,Failed,"File ""A:\LLMProject\repo\LLMRefactoring\virtual_judge\..\output\output_wizardcoder_few\p02403\s069952946\s069952946_pass@1.py"", line 4
    print(""#"" * (W + 1)
         ^
SyntaxError: '(' was never closed"
s069952946_pass@3.py,ITP1_5_A,0,4,Failed,"Traceback (most recent call last):
  File ""A:\LLMProject\repo\LLMRefactoring\virtual_judge\..\output\output_wizardcoder_few\p02403\s069952946\s069952946_pass@3.py"", line 2, in <module>
    for i in range(1,H+1):
                     ^
NameError: name 'H' is not defined"
s069952946_pass@5.py,ITP1_5_A,0,4,Failed,"File ""A:\LLMProject\repo\LLMRefactoring\virtual_judge\..\output\output_wizardcoder_few\p02403\s069952946\s069952946_pass@5.py"", line 1
    ```python
    ^
SyntaxError: invalid syntax"
s482014715_pass@1.py,ITP1_5_A,0,4,Failed,
s482014715_pass@3.py,ITP1_5_A,0,4,Failed,"File ""A:\LLMProject\repo\LLMRefactoring\virtual_judge\..\output\output_wizardcoder_few\p02403\s482014715\s482014715_pass@3.py"", line 1
    ```python
    ^
SyntaxError: invalid syntax"
s482014715_pass@5.py,ITP1_5_A,0,4,Failed,"File ""A:\LLMProject\repo\LLMRefactoring\virtual_judge\..\output\output_wizardcoder_few\p02403\s482014715\s482014715_pass@5.py"", line 1
    The original program takes input of height (h) and width (w), then prints a matrix consisting of ""#"" characters in rows of height h and columns of width w. The while loop is infinite until user inputs zero for height (h=0), so I have removed the while loop and just added an if statement inside the outer for loop to print new lines after printing all the rows.
               ^
SyntaxError: invalid syntax"
s054233732_pass@1.py,ITP1_5_B,0,2,Failed,"Traceback (most recent call last):
  File ""A:\LLMProject\repo\LLMRefactoring\virtual_judge\..\output\output_wizardcoder_few\p02404\s054233732\s054233732_pass@1.py"", line 1, in <module>
    n = int(input())
        ^^^^^^^^^^^^
ValueError: invalid literal for int() with base 10: '3 4'"
s054233732_pass@3.py,ITP1_5_B,0,2,Failed,"Traceback (most recent call last):
  File ""A:\LLMProject\repo\LLMRefactoring\virtual_judge\..\output\output_wizardcoder_few\p02404\s054233732\s054233732_pass@3.py"", line 3, in <module>
    x1, y1, x2, y2 = map(float, input().split())
    ^^^^^^^^^^^^^^
ValueError: not enough values to unpack (expected 4, got 2)"
s054233732_pass@5.py,ITP1_5_B,0,2,Failed,"File ""A:\LLMProject\repo\LLMRefactoring\virtual_judge\..\output\output_wizardcoder_few\p02404\s054233732\s054233732_pass@5.py"", line 1
    ```python
            ^
SyntaxError: invalid syntax"
s738024971_pass@1.py,ITP1_5_B,0,2,Failed,"File ""A:\LLMProject\repo\LLMRefactoring\virtual_judge\..\output\output_wizardcoder_few\p02404\s738024971\s738024971_pass@1.py"", line 1
    ```python
    ^
SyntaxError: invalid syntax"
s738024971_pass@3.py,ITP1_5_B,0,2,Failed,"File ""A:\LLMProject\repo\LLMRefactoring\virtual_judge\..\output\output_wizardcoder_few\p02404\s738024971\s738024971_pass@3.py"", line 1
    Here is a refactored version of the given code that reduces its lines and complexity, while preserving its functionality:
                       ^
SyntaxError: invalid syntax"
s738024971_pass@5.py,ITP1_5_B,0,2,Failed,"File ""A:\LLMProject\repo\LLMRefactoring\virtual_judge\..\output\output_wizardcoder_few\p02404\s738024971\s738024971_pass@5.py"", line 1
    ```python
    ^
SyntaxError: invalid syntax"
s041933512_pass@1.py,ITP1_5_C,0,4,Failed,"File ""A:\LLMProject\repo\LLMRefactoring\virtual_judge\..\output\output_wizardcoder_few\p02405\s041933512\s041933512_pass@1.py"", line 1
    ```python
    ^
SyntaxError: invalid syntax"
s041933512_pass@3.py,ITP1_5_C,0,4,Failed,"File ""A:\LLMProject\repo\LLMRefactoring\virtual_judge\..\output\output_wizardcoder_few\p02405\s041933512\s041933512_pass@3.py"", line 1
    Refactored version:
               ^^^^^^^
SyntaxError: invalid syntax"
s041933512_pass@5.py,ITP1_5_C,0,4,Failed,"File ""A:\LLMProject\repo\LLMRefactoring\virtual_judge\..\output\output_wizardcoder_few\p02405\s041933512\s041933512_pass@5.py"", line 1
    ```python
            ^
SyntaxError: invalid syntax"
s756477557_pass@1.py,ITP1_5_C,0,4,Failed,"File ""A:\LLMProject\repo\LLMRefactoring\virtual_judge\..\output\output_wizardcoder_few\p02405\s756477557\s756477557_pass@1.py"", line 1
    ```python
    ^
SyntaxError: invalid syntax"
s756477557_pass@3.py,ITP1_5_C,0,4,Failed,"File ""A:\LLMProject\repo\LLMRefactoring\virtual_judge\..\output\output_wizardcoder_few\p02405\s756477557\s756477557_pass@3.py"", line 1
    ```python
    ^
SyntaxError: invalid syntax"
s756477557_pass@5.py,ITP1_5_C,0,4,Failed,"File ""A:\LLMProject\repo\LLMRefactoring\virtual_judge\..\output\output_wizardcoder_few\p02405\s756477557\s756477557_pass@5.py"", line 1
    ```python
    ^
SyntaxError: invalid syntax"
s185813191_pass@1.py,ITP1_5_D,8,8,Passed,
s185813191_pass@3.py,ITP1_5_D,0,8,Failed,"File ""A:\LLMProject\repo\LLMRefactoring\virtual_judge\..\output\output_wizardcoder_few\p02406\s185813191\s185813191_pass@3.py"", line 7
    The refactored version of the code reduces the number of lines and improves its readability as it eliminates unnecessary operations. It also uses a shorter if statement with the same functionality by checking whether i is divisible by 3 or contains '3' as a substring using the `or` operator. The original code was already optimized in terms of functionality, but the refactored version reduces its complexity and length while still achieving the same output.
        ^^^^^^^^^^
SyntaxError: invalid syntax"
s185813191_pass@5.py,ITP1_5_D,0,8,Failed,"File ""A:\LLMProject\repo\LLMRefactoring\virtual_judge\..\output\output_wizardcoder_few\p02406\s185813191\s185813191_pass@5.py"", line 1
    ```python
    ^
SyntaxError: invalid syntax"
s285381016_pass@1.py,ITP1_5_D,0,8,Failed,"File ""A:\LLMProject\repo\LLMRefactoring\virtual_judge\..\output\output_wizardcoder_few\p02406\s285381016\s285381016_pass@1.py"", line 1
    The original program is already quite concise and easy to read, so there's not much to refactor in this case. However, here's a minor improvement I can suggest:
        ^^^^^^^^
SyntaxError: invalid syntax"
s285381016_pass@3.py,ITP1_5_D,0,8,Failed,"File ""A:\LLMProject\repo\LLMRefactoring\virtual_judge\..\output\output_wizardcoder_few\p02406\s285381016\s285381016_pass@3.py"", line 1
    ```python
    ^
SyntaxError: invalid syntax"
s285381016_pass@5.py,ITP1_5_D,0,8,Failed,"File ""A:\LLMProject\repo\LLMRefactoring\virtual_judge\..\output\output_wizardcoder_few\p02406\s285381016\s285381016_pass@5.py"", line 1
    ```python
    ^
SyntaxError: invalid syntax"
s277592678_pass@1.py,ITP1_6_A,0,4,Failed,"File ""A:\LLMProject\repo\LLMRefactoring\virtual_judge\..\output\output_wizardcoder_few\p02407\s277592678\s277592678_pass@1.py"", line 3
    print("" "".join(str(x) for x in reversed(a))
         ^
SyntaxError: '(' was never closed"
s277592678_pass@3.py,ITP1_6_A,0,4,Failed,"File ""A:\LLMProject\repo\LLMRefactoring\virtual_judge\..\output\output_wizardcoder_few\p02407\s277592678\s277592678_pass@3.py"", line 1
    ```python
    ^
SyntaxError: invalid syntax"
s277592678_pass@5.py,ITP1_6_A,0,4,Failed,"File ""A:\LLMProject\repo\LLMRefactoring\virtual_judge\..\output\output_wizardcoder_few\p02407\s277592678\s277592678_pass@5.py"", line 4
    print("" "".join(map(str, a))
         ^
SyntaxError: '(' was never closed"
s569329761_pass@1.py,ITP1_6_A,0,4,Failed,"File ""A:\LLMProject\repo\LLMRefactoring\virtual_judge\..\output\output_wizardcoder_few\p02407\s569329761\s569329761_pass@1.py"", line 4
    out_c1 = ' '.join([str(x) for x in an][::-1]
                     ^
SyntaxError: '(' was never closed"
s569329761_pass@3.py,ITP1_6_A,0,4,Failed,"File ""A:\LLMProject\repo\LLMRefactoring\virtual_judge\..\output\output_wizardcoder_few\p02407\s569329761\s569329761_pass@3.py"", line 1
    ```python
    ^
SyntaxError: invalid syntax"
s569329761_pass@5.py,ITP1_6_A,0,4,Failed,"File ""A:\LLMProject\repo\LLMRefactoring\virtual_judge\..\output\output_wizardcoder_few\p02407\s569329761\s569329761_pass@5.py"", line 3
    print(' '.join(reversed(an))
         ^
SyntaxError: '(' was never closed"
s353862024_pass@1.py,ITP1_6_B,0,4,Failed,
s353862024_pass@3.py,ITP1_6_B,0,4,Failed,"File ""A:\LLMProject\repo\LLMRefactoring\virtual_judge\..\output\output_wizardcoder_few\p02408\s353862024\s353862024_pass@3.py"", line 1
    ```python
    ^
SyntaxError: invalid syntax"
s353862024_pass@5.py,ITP1_6_B,0,4,Failed,"File ""A:\LLMProject\repo\LLMRefactoring\virtual_judge\..\output\output_wizardcoder_few\p02408\s353862024\s353862024_pass@5.py"", line 4
    print(""%d ""%i if not any([bool(s[i]) for s in [False]*n] else """", end="""")
          ^^^^^^^^^^^^^^^^^^
SyntaxError: expected 'else' after 'if' expression"
s765571034_pass@1.py,ITP1_6_B,0,4,Failed,"File ""A:\LLMProject\repo\LLMRefactoring\virtual_judge\..\output\output_wizardcoder_few\p02408\s765571034\s765571034_pass@1.py"", line 1
    ```python
    ^
SyntaxError: invalid syntax"
s765571034_pass@3.py,ITP1_6_B,0,4,Failed,"File ""A:\LLMProject\repo\LLMRefactoring\virtual_judge\..\output\output_wizardcoder_few\p02408\s765571034\s765571034_pass@3.py"", line 4
    if (m,str(n)) not in [c[0]+str(c[1]) for c in [(i[0],i[1]) for i in [input().split() for _ in range(n)]]: print(m,n)
                                                                                                            ^
SyntaxError: invalid syntax"
s765571034_pass@5.py,ITP1_6_B,0,4,Failed,"File ""A:\LLMProject\repo\LLMRefactoring\virtual_judge\..\output\output_wizardcoder_few\p02408\s765571034\s765571034_pass@5.py"", line 6
    print(*(i for i in [(x,y) for x in ['S','H','D','C'] for y in range(1,14) if (x,y) not in cards])
         ^
SyntaxError: '(' was never closed"
s323772822_pass@1.py,ITP1_6_C,0,5,Failed,"File ""A:\LLMProject\repo\LLMRefactoring\virtual_judge\..\output\output_wizardcoder_few\p02409\s323772822\s323772822_pass@1.py"", line 11
    print_grid = lambda x: ' '.join([str(sum(sum(row)) for row in x])
                                                                   ^
SyntaxError: closing parenthesis ']' does not match opening parenthesis '('"
s323772822_pass@3.py,ITP1_6_C,0,5,Failed,"File ""A:\LLMProject\repo\LLMRefactoring\virtual_judge\..\output\output_wizardcoder_few\p02409\s323772822\s323772822_pass@3.py"", line 1
    ```python
    ^
SyntaxError: invalid syntax"
s323772822_pass@5.py,ITP1_6_C,0,5,Failed,"File ""A:\LLMProject\repo\LLMRefactoring\virtual_judge\..\output\output_wizardcoder_few\p02409\s323772822\s323772822_pass@5.py"", line 7
    print('\n'.join([' '.join(' ' + str(sum(row)) for row in a]) + '\n' if i != 3 else '####################' for i, row in enumerate(a)])
                                                              ^
SyntaxError: closing parenthesis ']' does not match opening parenthesis '('"
s421142068_pass@1.py,ITP1_6_C,0,5,Failed,"File ""A:\LLMProject\repo\LLMRefactoring\virtual_judge\..\output\output_wizardcoder_few\p02409\s421142068\s421142068_pass@1.py"", line 28
    """"""
    ^
SyntaxError: unterminated triple-quoted string literal (detected at line 29)"
s421142068_pass@3.py,ITP1_6_C,0,5,Failed,"File ""A:\LLMProject\repo\LLMRefactoring\virtual_judge\..\output\output_wizardcoder_few\p02409\s421142068\s421142068_pass@3.py"", line 12
    print y, end=""\n""
                ^
SyntaxError: invalid syntax"
s421142068_pass@5.py,ITP1_6_C,0,5,Failed,"File ""A:\LLMProject\repo\LLMRefactoring\virtual_judge\..\output\output_wizardcoder_few\p02409\s421142068\s421142068_pass@5.py"", line 1
    ```python
            ^
SyntaxError: invalid syntax"
s122031066_pass@1.py,ITP1_6_D,4,18,Failed,
s122031066_pass@3.py,ITP1_6_D,0,18,Failed,"Traceback (most recent call last):
  File ""A:\LLMProject\repo\LLMRefactoring\virtual_judge\..\output\output_wizardcoder_few\p02410\s122031066\s122031066_pass@3.py"", line 3, in <module>
    x1, y1, x2, y2 = map(float, input().split())
    ^^^^^^^^^^^^^^
ValueError: not enough values to unpack (expected 4, got 2)"
s122031066_pass@5.py,ITP1_6_D,0,18,Failed,"Traceback (most recent call last):
  File ""A:\LLMProject\repo\LLMRefactoring\virtual_judge\..\output\output_wizardcoder_few\p02410\s122031066\s122031066_pass@5.py"", line 3, in <module>
    for _ in range(n):
                   ^
NameError: name 'n' is not defined"
s919326051_pass@1.py,ITP1_6_D,1,18,Failed,"Traceback (most recent call last):
  File ""A:\LLMProject\repo\LLMRefactoring\virtual_judge\..\output\output_wizardcoder_few\p02410\s919326051\s919326051_pass@1.py"", line 8, in <module>
    value = sum([x * B[j] for x in A])
                     ~^^^
IndexError: list index out of range"
s919326051_pass@3.py,ITP1_6_D,0,18,Failed,"File ""A:\LLMProject\repo\LLMRefactoring\virtual_judge\..\output\output_wizardcoder_few\p02410\s919326051\s919326051_pass@3.py"", line 1
    Here's the refactored version of the given code:
        ^
SyntaxError: unterminated string literal (detected at line 1)"
s919326051_pass@5.py,ITP1_6_D,0,18,Failed,"File ""A:\LLMProject\repo\LLMRefactoring\virtual_judge\..\output\output_wizardcoder_few\p02410\s919326051\s919326051_pass@5.py"", line 1
    ```python
            ^
SyntaxError: invalid syntax"
s241547485_pass@1.py,ITP1_7_A,0,4,Failed,"File ""A:\LLMProject\repo\LLMRefactoring\virtual_judge\..\output\output_wizardcoder_few\p02411\s241547485\s241547485_pass@1.py"", line 1
    ```python
    ^
SyntaxError: invalid syntax"
s241547485_pass@3.py,ITP1_7_A,0,4,Failed,"File ""A:\LLMProject\repo\LLMRefactoring\virtual_judge\..\output\output_wizardcoder_few\p02411\s241547485\s241547485_pass@3.py"", line 1
    Here's a refactored version of the program without any explanations or concluding remarks:
        ^
SyntaxError: unterminated string literal (detected at line 1)"
s241547485_pass@5.py,ITP1_7_A,0,4,Failed,"File ""A:\LLMProject\repo\LLMRefactoring\virtual_judge\..\output\output_wizardcoder_few\p02411\s241547485\s241547485_pass@5.py"", line 3
    break
    ^^^^^
SyntaxError: 'break' outside loop"
s839935249_pass@1.py,ITP1_7_A,0,4,Failed,"File ""A:\LLMProject\repo\LLMRefactoring\virtual_judge\..\output\output_wizardcoder_few\p02411\s839935249\s839935249_pass@1.py"", line 4
    if all(x in (m,f,r)((-1,-1):
                               ^
SyntaxError: invalid syntax"
s839935249_pass@3.py,ITP1_7_A,0,4,Failed,"File ""A:\LLMProject\repo\LLMRefactoring\virtual_judge\..\output\output_wizardcoder_few\p02411\s839935249\s839935249_pass@3.py"", line 1
    ```python
            ^
SyntaxError: invalid syntax"
s839935249_pass@5.py,ITP1_7_A,0,4,Failed,"File ""A:\LLMProject\repo\LLMRefactoring\virtual_judge\..\output\output_wizardcoder_few\p02411\s839935249\s839935249_pass@5.py"", line 13
    elif 50<=m+f<65:
    ^^^^
SyntaxError: invalid syntax"
s582875838_pass@1.py,ITP1_7_B,0,4,Failed,"File ""A:\LLMProject\repo\LLMRefactoring\virtual_judge\..\output\output_wizardcoder_few\p02412\s582875838\s582875838_pass@1.py"", line 4
    ans = sum([i for i in range(1, n) for j in range(i+1, n) if (j < x - i - j <= n)]
             ^
SyntaxError: '(' was never closed"
s582875838_pass@3.py,ITP1_7_B,0,4,Failed,"File ""A:\LLMProject\repo\LLMRefactoring\virtual_judge\..\output\output_wizardcoder_few\p02412\s582875838\s582875838_pass@3.py"", line 1
    ```python
    ^
SyntaxError: invalid syntax"
s582875838_pass@5.py,ITP1_7_B,0,4,Failed,"File ""A:\LLMProject\repo\LLMRefactoring\virtual_judge\..\output\output_wizardcoder_few\p02412\s582875838\s582875838_pass@5.py"", line 1
    Refactored version:
               ^^^^^^^
SyntaxError: invalid syntax"
s603658843_pass@1.py,ITP1_7_B,0,4,Failed,"Traceback (most recent call last):
  File ""A:\LLMProject\repo\LLMRefactoring\virtual_judge\..\output\output_wizardcoder_few\p02412\s603658843\s603658843_pass@1.py"", line 1, in <module>
    n = int(input())
        ^^^^^^^^^^^^
ValueError: invalid literal for int() with base 10: '3 0'"
s603658843_pass@3.py,ITP1_7_B,0,4,Failed,"File ""A:\LLMProject\repo\LLMRefactoring\virtual_judge\..\output\output_wizardcoder_few\p02412\s603658843\s603658843_pass@3.py"", line 1
    ```python
    ^
SyntaxError: invalid syntax"
s603658843_pass@5.py,ITP1_7_B,0,4,Failed,"File ""A:\LLMProject\repo\LLMRefactoring\virtual_judge\..\output\output_wizardcoder_few\p02412\s603658843\s603658843_pass@5.py"", line 51
    """"""
    ^
SyntaxError: unterminated triple-quoted string literal (detected at line 91)"
s186783952_pass@1.py,ITP1_7_C,0,5,Failed,"File ""A:\LLMProject\repo\LLMRefactoring\virtual_judge\..\output\output_wizardcoder_few\p02413\s186783952\s186783952_pass@1.py"", line 1
    ```python
            ^
SyntaxError: invalid syntax"
s186783952_pass@3.py,ITP1_7_C,0,5,Failed,"File ""A:\LLMProject\repo\LLMRefactoring\virtual_judge\..\output\output_wizardcoder_few\p02413\s186783952\s186783952_pass@3.py"", line 1
    ```python
    ^
SyntaxError: invalid syntax"
s186783952_pass@5.py,ITP1_7_C,0,5,Failed,"File ""A:\LLMProject\repo\LLMRefactoring\virtual_judge\..\output\output_wizardcoder_few\p02413\s186783952\s186783952_pass@5.py"", line 1
    ```python
    ^
SyntaxError: invalid syntax"
s214129181_pass@1.py,ITP1_7_C,0,5,Failed,"File ""A:\LLMProject\repo\LLMRefactoring\virtual_judge\..\output\output_wizardcoder_few\p02413\s214129181\s214129181_pass@1.py"", line 13
    for row in zip(*[[*map(sum, zip(*row)] + [sum(row)] if i == b else row 
                                         ^
SyntaxError: closing parenthesis ']' does not match opening parenthesis '('"
s214129181_pass@3.py,ITP1_7_C,0,5,Failed,"File ""A:\LLMProject\repo\LLMRefactoring\virtual_judge\..\output\output_wizardcoder_few\p02413\s214129181\s214129181_pass@3.py"", line 1
    ```python
    ^
SyntaxError: invalid syntax"
s214129181_pass@5.py,ITP1_7_C,0,5,Failed,"File ""A:\LLMProject\repo\LLMRefactoring\virtual_judge\..\output\output_wizardcoder_few\p02413\s214129181\s214129181_pass@5.py"", line 3
    for i in range(a):
                     ^
SyntaxError: invalid syntax"
s370902130_pass@1.py,ITP1_7_D,0,16,Failed,"File ""A:\LLMProject\repo\LLMRefactoring\virtual_judge\..\output\output_wizardcoder_few\p02414\s370902130\s370902130_pass@1.py"", line 1
    ```python
    ^
SyntaxError: invalid syntax"
s370902130_pass@3.py,ITP1_7_D,0,16,Failed,"File ""A:\LLMProject\repo\LLMRefactoring\virtual_judge\..\output\output_wizardcoder_few\p02414\s370902130\s370902130_pass@3.py"", line 2
    A = [[0 for _ in range(m)] for _ in range(n)], B = [[0 for _ in range(l)] for _ in range(m), C = [[0 for _ in range(l)] for _ in range(n)]
    ^^^^^^^^^^^^^^^^^^^^^^^^^^^^^^^^^^^^^^^^^^^^^
SyntaxError: invalid syntax. Maybe you meant '==' or ':=' instead of '='?"
s370902130_pass@5.py,ITP1_7_D,0,16,Failed,"File ""A:\LLMProject\repo\LLMRefactoring\virtual_judge\..\output\output_wizardcoder_few\p02414\s370902130\s370902130_pass@5.py"", line 1
    ```python
    ^
SyntaxError: invalid syntax"
s373821703_pass@1.py,ITP1_7_D,0,16,Failed,"File ""A:\LLMProject\repo\LLMRefactoring\virtual_judge\..\output\output_wizardcoder_few\p02414\s373821703\s373821703_pass@1.py"", line 2
    YEH, FUK = [list(map(int,input().split()) for i in range(n)), [list(map(int,input().split()) for j in range(m)]
                                                                                                                  ^
SyntaxError: closing parenthesis ']' does not match opening parenthesis '('"
s373821703_pass@3.py,ITP1_7_D,0,16,Failed,"Traceback (most recent call last):
  File ""A:\LLMProject\repo\LLMRefactoring\virtual_judge\..\output\output_wizardcoder_few\p02414\s373821703\s373821703_pass@3.py"", line 6, in <module>
    GOMI_list[j] += FUCK[k][i-1]*YEAH[j]
                    ^^^^
NameError: name 'FUCK' is not defined"
s373821703_pass@5.py,ITP1_7_D,0,16,Failed,"File ""A:\LLMProject\repo\LLMRefactoring\virtual_judge\..\output\output_wizardcoder_few\p02414\s373821703\s373821703_pass@5.py"", line 3
    FUK = [list(map(int,input().split()) for j in range(m))
          ^
SyntaxError: '[' was never closed"
s287029907_pass@1.py,ITP1_8_A,4,4,Passed,
s287029907_pass@3.py,ITP1_8_A,0,4,Failed,"File ""A:\LLMProject\repo\LLMRefactoring\virtual_judge\..\output\output_wizardcoder_few\p02415\s287029907\s287029907_pass@3.py"", line 1
    ```python
    ^
SyntaxError: invalid syntax"
s287029907_pass@5.py,ITP1_8_A,0,4,Failed,"Traceback (most recent call last):
  File ""A:\LLMProject\repo\LLMRefactoring\virtual_judge\..\output\output_wizardcoder_few\p02415\s287029907\s287029907_pass@5.py"", line 1, in <module>
    n = int(input())
        ^^^^^^^^^^^^
ValueError: invalid literal for int() with base 10: ""tHE uNIVERSITY OF aIZU TEAM VISITED gOVERNOR sATO AT THE fUKUSHIMA pREFECTURAL oFFICE ON mAY 26 TO REPORT THE RESULT OF THEIR FIRST PARTICIPATION AT THE acm-icpc wORLD fINALS (aPRIL 2009, sWEDEN). cO"
s421803874_pass@1.py,ITP1_8_A,0,4,Failed,"File ""A:\LLMProject\repo\LLMRefactoring\virtual_judge\..\output\output_wizardcoder_few\p02415\s421803874\s421803874_pass@1.py"", line 1
    ```python
    ^
SyntaxError: invalid syntax"
s421803874_pass@3.py,ITP1_8_A,0,4,Failed,"File ""A:\LLMProject\repo\LLMRefactoring\virtual_judge\..\output\output_wizardcoder_few\p02415\s421803874\s421803874_pass@3.py"", line 1
    Here's the refactored version of the given Python program:
        ^
SyntaxError: unterminated string literal (detected at line 1)"
s421803874_pass@5.py,ITP1_8_A,1,4,Failed,
s368208835_pass@1.py,ITP1_8_B,0,4,Failed,"File ""A:\LLMProject\repo\LLMRefactoring\virtual_judge\..\output\output_wizardcoder_few\p02416\s368208835\s368208835_pass@1.py"", line 1
    ```python
    ^
SyntaxError: invalid syntax"
s368208835_pass@3.py,ITP1_8_B,0,4,Failed,"File ""A:\LLMProject\repo\LLMRefactoring\virtual_judge\..\output\output_wizardcoder_few\p02416\s368208835\s368208835_pass@3.py"", line 5
    Here's the refactored code:
        ^
SyntaxError: unterminated string literal (detected at line 5)"
s368208835_pass@5.py,ITP1_8_B,0,4,Failed,"File ""A:\LLMProject\repo\LLMRefactoring\virtual_judge\..\output\output_wizardcoder_few\p02416\s368208835\s368208835_pass@5.py"", line 1
    The original program is a simple one-liner that calculates the sum of the digits in a string input until a '0' is entered. Here's how you can refactor it into more concise and readable code using list comprehension:
                                                                                                                                   ^
SyntaxError: unterminated string literal (detected at line 1)"
s999569353_pass@1.py,ITP1_8_B,0,4,Failed,"File ""A:\LLMProject\repo\LLMRefactoring\virtual_judge\..\output\output_wizardcoder_few\p02416\s999569353\s999569353_pass@1.py"", line 5
    print(sum([int(x[i] for i in range(len(x))]) if '0' <= x[i] <= '9' else -1)
                                              ^
SyntaxError: closing parenthesis ']' does not match opening parenthesis '('"
s999569353_pass@3.py,ITP1_8_B,0,4,Failed,"File ""A:\LLMProject\repo\LLMRefactoring\virtual_judge\..\output\output_wizardcoder_few\p02416\s999569353\s999569353_pass@3.py"", line 1
    ```python
    ^
SyntaxError: invalid syntax"
s999569353_pass@5.py,ITP1_8_B,0,4,Failed,"File ""A:\LLMProject\repo\LLMRefactoring\virtual_judge\..\output\output_wizardcoder_few\p02416\s999569353\s999569353_pass@5.py"", line 4
    if sum([int(x[i]) for i in range(len(x)]) > 0:
                                           ^
SyntaxError: closing parenthesis ']' does not match opening parenthesis '('"
s040490758_pass@1.py,ITP1_8_C,4,4,Passed,
s040490758_pass@3.py,ITP1_8_C,0,4,Failed,"File ""A:\LLMProject\repo\LLMRefactoring\virtual_judge\..\output\output_wizardcoder_few\p02417\s040490758\s040490758_pass@3.py"", line 1
    ```python
    ^
SyntaxError: invalid syntax"
s040490758_pass@5.py,ITP1_8_C,4,4,Passed,
s828189570_pass@1.py,ITP1_8_C,2,4,Failed,
s828189570_pass@3.py,ITP1_8_C,2,4,Failed,
s828189570_pass@5.py,ITP1_8_C,0,4,Failed,"File ""A:\LLMProject\repo\LLMRefactoring\virtual_judge\..\output\output_wizardcoder_few\p02417\s828189570\s828189570_pass@5.py"", line 1
    ```python
    ^
SyntaxError: invalid syntax"
s051392851_pass@1.py,ITP1_8_D,30,30,Passed,
s051392851_pass@3.py,ITP1_8_D,0,30,Failed,"File ""A:\LLMProject\repo\LLMRefactoring\virtual_judge\..\output\output_wizardcoder_few\p02418\s051392851\s051392851_pass@3.py"", line 1
    ```python
    ^
SyntaxError: invalid syntax"
s051392851_pass@5.py,ITP1_8_D,0,30,Failed,"File ""A:\LLMProject\repo\LLMRefactoring\virtual_judge\..\output\output_wizardcoder_few\p02418\s051392851\s051392851_pass@5.py"", line 3
    if p in s: print('Yes') else: print('No')
                            ^^^^
SyntaxError: invalid syntax"
s946875575_pass@1.py,ITP1_8_D,0,30,Failed,"File ""A:\LLMProject\repo\LLMRefactoring\virtual_judge\..\output\output_wizardcoder_few\p02418\s946875575\s946875575_pass@1.py"", line 2
    if p in s: print(""Yes"") else print(""No"")
                            ^^^^
SyntaxError: invalid syntax"
s946875575_pass@3.py,ITP1_8_D,0,30,Failed,"Traceback (most recent call last):
  File ""A:\LLMProject\repo\LLMRefactoring\virtual_judge\..\output\output_wizardcoder_few\p02418\s946875575\s946875575_pass@3.py"", line 1, in <module>
    s = input() + s
                  ^
NameError: name 's' is not defined"
s946875575_pass@5.py,ITP1_8_D,0,30,Failed,"Traceback (most recent call last):
  File ""A:\LLMProject\repo\LLMRefactoring\virtual_judge\..\output\output_wizardcoder_few\p02418\s946875575\s946875575_pass@5.py"", line 2, in <module>
    if p in s:
       ^
NameError: name 'p' is not defined"
s171484205_pass@1.py,ITP1_9_A,0,4,Failed,"Traceback (most recent call last):
  File ""A:\LLMProject\repo\LLMRefactoring\virtual_judge\..\output\output_wizardcoder_few\p02419\s171484205\s171484205_pass@1.py"", line 2, in <module>
    counter = stdin.read().count(w)
              ^^^^^
NameError: name 'stdin' is not defined"
s171484205_pass@3.py,ITP1_9_A,0,4,Failed,"File ""A:\LLMProject\repo\LLMRefactoring\virtual_judge\..\output\output_wizardcoder_few\p02419\s171484205\s171484205_pass@3.py"", line 10
    print(max(Counter(words).values())
         ^
SyntaxError: '(' was never closed"
s171484205_pass@5.py,ITP1_9_A,0,4,Failed,
s250120618_pass@1.py,ITP1_9_A,0,4,Failed,"File ""A:\LLMProject\repo\LLMRefactoring\virtual_judge\..\output\output_wizardcoder_few\p02419\s250120618\s250120618_pass@1.py"", line 1
    Here's a refactored version of the original program that is more concise and easier to read:
                                                                                               ^
SyntaxError: EOL while scanning string literal"
s250120618_pass@3.py,ITP1_9_A,0,4,Failed,"File ""A:\LLMProject\repo\LLMRefactoring\virtual_judge\..\output\output_wizardcoder_few\p02419\s250120618\s250120618_pass@3.py"", line 1
    ```python
    ^
SyntaxError: invalid syntax"
s250120618_pass@5.py,ITP1_9_A,0,4,Failed,"File ""A:\LLMProject\repo\LLMRefactoring\virtual_judge\..\output\output_wizardcoder_few\p02419\s250120618\s250120618_pass@5.py"", line 1
    ```python
    ^
SyntaxError: invalid syntax"
s017269283_pass@1.py,ITP1_9_B,0,4,Failed,"File ""A:\LLMProject\repo\LLMRefactoring\virtual_judge\..\output\output_wizardcoder_few\p02420\s017269283\s017269283_pass@1.py"", line 1
    ```python
    ^
SyntaxError: invalid syntax"
s017269283_pass@3.py,ITP1_9_B,0,4,Failed,"Traceback (most recent call last):
  File ""A:\LLMProject\repo\LLMRefactoring\virtual_judge\..\output\output_wizardcoder_few\p02420\s017269283\s017269283_pass@3.py"", line 1, in <module>
    n = int(input())
        ^^^^^^^^^^^^
ValueError: invalid literal for int() with base 10: 'aaafieiifififaiefaefaef'"
s017269283_pass@5.py,ITP1_9_B,0,4,Failed,"Traceback (most recent call last):
  File ""A:\LLMProject\repo\LLMRefactoring\virtual_judge\..\output\output_wizardcoder_few\p02420\s017269283\s017269283_pass@5.py"", line 1, in <module>
    n = int(input())
        ^^^^^^^^^^^^
ValueError: invalid literal for int() with base 10: 'aaafieiifififaiefaefaef'"
s198495041_pass@1.py,ITP1_9_B,0,4,Failed,"File ""A:\LLMProject\repo\LLMRefactoring\virtual_judge\..\output\output_wizardcoder_few\p02420\s198495041\s198495041_pass@1.py"", line 29
    Explanation: The code takes an input string, `C`, and if it is not equal to ""-"" then it loops over a range of integers `m`. For each value of `i` in this range, it takes an integer input for `h` and appends the first `h` characters of the current iteration's input string `c` to `C`. It then pads `C` with `-` symbols so that its length is equal to the original length of `C`, effectively reversing the order of the input strings. Finally, it prints `C` in its modified form.
                                                                                                                                                                                                                                                                    ^
SyntaxError: unterminated string literal (detected at line 29)"
s198495041_pass@3.py,ITP1_9_B,0,4,Failed,"File ""A:\LLMProject\repo\LLMRefactoring\virtual_judge\..\output\output_wizardcoder_few\p02420\s198495041\s198495041_pass@3.py"", line 1
    ```python
    ^
SyntaxError: invalid syntax"
s198495041_pass@5.py,ITP1_9_B,0,4,Failed,"File ""A:\LLMProject\repo\LLMRefactoring\virtual_judge\..\output\output_wizardcoder_few\p02420\s198495041\s198495041_pass@5.py"", line 1
    ```python
    ^
SyntaxError: invalid syntax"
s118986297_pass@1.py,ITP1_9_C,0,4,Failed,"File ""A:\LLMProject\repo\LLMRefactoring\virtual_judge\..\output\output_wizardcoder_few\p02421\s118986297\s118986297_pass@1.py"", line 1
    ```python
    ^
SyntaxError: invalid syntax"
s118986297_pass@3.py,ITP1_9_C,0,4,Failed,"Traceback (most recent call last):
  File ""A:\LLMProject\repo\LLMRefactoring\virtual_judge\..\output\output_wizardcoder_few\p02421\s118986297\s118986297_pass@3.py"", line 6, in <module>
    if float(card_t) > float(card_h):
       ^^^^^^^^^^^^^
ValueError: could not convert string to float: 'v'"
s118986297_pass@5.py,ITP1_9_C,0,4,Failed,"File ""A:\LLMProject\repo\LLMRefactoring\virtual_judge\..\output\output_wizardcoder_few\p02421\s118986297\s118986297_pass@5.py"", line 14
    Example 4:
            ^
SyntaxError: invalid syntax"
s245865840_pass@1.py,ITP1_9_C,0,4,Failed,"Traceback (most recent call last):
  File ""A:\LLMProject\repo\LLMRefactoring\virtual_judge\..\output\output_wizardcoder_few\p02421\s245865840\s245865840_pass@1.py"", line 2, in <module>
    taro_c, hana_c = map(int, input().split() * n)
    ^^^^^^^^^^^^^^
ValueError: invalid literal for int() with base 10: 'v'"
s245865840_pass@3.py,ITP1_9_C,4,4,Passed,
s245865840_pass@5.py,ITP1_9_C,0,4,Failed,"Traceback (most recent call last):
  File ""A:\LLMProject\repo\LLMRefactoring\virtual_judge\..\output\output_wizardcoder_few\p02421\s245865840\s245865840_pass@5.py"", line 4, in <module>
    taro_c, hana_c = map(int, input().split())
    ^^^^^^^^^^^^^^
ValueError: invalid literal for int() with base 10: 'v'"
s820095650_pass@1.py,ITP1_9_D,0,16,Failed,
s820095650_pass@3.py,ITP1_9_D,0,16,Failed,"File ""A:\LLMProject\repo\LLMRefactoring\virtual_judge\..\output\output_wizardcoder_few\p02422\s820095650\s820095650_pass@3.py"", line 1
    ```python
    ^
SyntaxError: invalid syntax"
s820095650_pass@5.py,ITP1_9_D,0,16,Failed,"File ""A:\LLMProject\repo\LLMRefactoring\virtual_judge\..\output\output_wizardcoder_few\p02422\s820095650\s820095650_pass@5.py"", line 1
    ```python
    ^
SyntaxError: invalid syntax"
s965611824_pass@1.py,ITP1_9_D,0,16,Failed,"Traceback (most recent call last):
  File ""A:\LLMProject\repo\LLMRefactoring\virtual_judge\..\output\output_wizardcoder_few\p02422\s965611824\s965611824_pass@1.py"", line 1, in <module>
    n = int(input())
        ^^^^^^^^^^^^
ValueError: invalid literal for int() with base 10: 'aaaaaaaaaaaaaaaaaaaaaaaaaaaaaaaaaaaaaaaaaaaaaaaaaaaaaaaaaaaaaaaaaaaaaaaaaaaaaaaaaaaaaaaaaaaaaaaaaaaaaaaaaaaaaaaaaaaaaaaaaaaaaaaaaaaaaaaaaaaaaaaaaaaaaaaaaaaaaaaaaaaaaaaaaaaaaaaaaaaaaaaaaaaaaaaaaaaaaaa"
s965611824_pass@3.py,ITP1_9_D,0,16,Failed,"File ""A:\LLMProject\repo\LLMRefactoring\virtual_judge\..\output\output_wizardcoder_few\p02422\s965611824\s965611824_pass@3.py"", line 6
    s = s[:int(o[1])] + o[3] + s[int(o[2]+1:]
                                            ^
SyntaxError: closing parenthesis ']' does not match opening parenthesis '('"
s965611824_pass@5.py,ITP1_9_D,0,16,Failed,"File ""A:\LLMProject\repo\LLMRefactoring\virtual_judge\..\output\output_wizardcoder_few\p02422\s965611824\s965611824_pass@5.py"", line 1
    Refactored version of the original program:
               ^^^^^^^
SyntaxError: invalid syntax"
